date,visitors,sales_amount,avg_spend,member_visitors,member_ratio,new_member_ratio,repeat_ratio,temp_max,temp_min,precipitation_mm,weather,foot_traffic,sns_mentions,sns_sentiment,point_multiplier,is_sale,coupon_sent,is_holiday,is_weekend,is_payday
2024-01-01,686,1820644,2654,402,0.586,0.064,0.936,11.0,1.2,0.0,cloudy,8403,218,0.517,1,0,0,1,0,0
2024-01-02,534,1427382,2673,337,0.631,0.092,0.908,8.9,0.5,0.0,sunny,6705,238,0.553,1,0,0,0,0,0
2024-01-03,535,1372810,2566,335,0.626,0.062,0.938,11.5,1.2,0.0,sunny,6902,221,0.61,1,0,0,0,0,0
2024-01-04,635,1581150,2490,396,0.624,0.06,0.94,11.8,0.1,0.0,cloudy,6629,299,0.556,1,0,0,0,0,0
2024-01-05,711,1903347,2677,462,0.65,0.055,0.945,7.4,0.7,0.0,cloudy,8862,463,0.671,5,0,0,0,0,0
2024-01-06,1161,3202038,2758,761,0.656,0.072,0.928,8.3,0.5,0.0,cloudy,10901,399,0.64,1,1,0,0,1,0
2024-01-07,937,2487735,2655,639,0.682,0.09,0.91,10.4,1.4,0.0,sunny,9578,263,0.541,1,1,0,0,1,0
2024-01-08,627,1601985,2555,368,0.587,0.039,0.961,9.7,1.4,0.0,sunny,7640,160,0.534,1,0,0,1,0,0
2024-01-09,536,1272464,2374,344,0.642,0.038,0.962,10.1,-2.3,0.0,cloudy,5746,283,0.322,1,0,0,0,0,0
2024-01-10,615,1578705,2567,359,0.584,0.037,0.963,8.8,-3.2,0.0,sunny,6710,182,0.524,10,0,1,0,0,0
2024-01-11,535,1345525,2515,342,0.64,0.06,0.94,11.4,1.6,14.3,rain,5309,179,0.292,1,0,1,0,0,0
2024-01-12,454,1149074,2531,256,0.564,0.049,0.951,11.2,1.9,27.9,rain,5410,462,0.418,1,0,0,0,0,0
2024-01-13,958,2632584,2748,579,0.604,0.051,0.949,10.2,-1.5,0.0,cloudy,12458,288,0.562,1,0,1,0,1,0
2024-01-14,1007,2753138,2734,585,0.581,0.05,0.95,11.7,-2.8,0.0,cloudy,10774,310,0.606,1,0,1,0,1,0
2024-01-15,636,1653600,2600,422,0.664,0.039,0.961,10.7,0.2,0.0,cloudy,7745,208,0.662,5,0,0,0,0,0
2024-01-16,497,1215165,2445,321,0.645,0.043,0.957,8.7,1.4,0.0,sunny,6662,198,0.548,1,0,0,0,0,0
2024-01-17,575,1444975,2513,324,0.564,0.044,0.956,10.6,2.7,6.2,rain,5791,208,0.732,1,0,0,0,0,0
2024-01-18,548,1328900,2425,334,0.609,0.036,0.964,8.6,0.8,0.0,sunny,7447,233,0.569,1,0,0,0,0,0
2024-01-19,679,1680525,2475,411,0.605,0.045,0.955,11.3,-0.6,7.7,rain,7105,247,0.648,1,0,0,0,0,0
2024-01-20,664,1971416,2969,443,0.667,0.039,0.961,9.9,-1.3,14.3,rain,8879,338,0.355,1,0,0,0,1,0
2024-01-21,902,2389398,2649,571,0.633,0.056,0.944,9.7,0.0,0.0,cloudy,9733,260,0.52,1,0,0,0,1,0
2024-01-22,650,1661400,2556,380,0.585,0.057,0.943,9.0,-0.4,0.0,cloudy,7954,217,0.597,1,0,1,0,0,0
2024-01-23,562,1355544,2412,340,0.606,0.037,0.963,11.9,-1.5,0.0,sunny,6873,171,0.474,1,0,0,0,0,0
2024-01-24,664,1744992,2628,443,0.667,0.047,0.953,9.8,3.1,0.0,cloudy,9172,211,0.526,1,0,0,0,0,1
2024-01-25,722,1929906,2673,499,0.691,0.069,0.931,9.4,2.7,0.0,sunny,7680,382,0.537,5,0,0,0,0,1
2024-01-26,819,2126124,2596,485,0.592,0.04,0.96,9.6,1.8,4.0,rain,9070,304,0.514,1,0,0,0,0,1
2024-01-27,889,2358517,2653,544,0.612,0.054,0.946,10.9,-1.3,0.0,cloudy,12561,489,0.615,1,0,0,0,1,0
2024-01-28,1227,3774252,3076,752,0.613,0.081,0.919,10.7,1.4,0.0,cloudy,12304,197,0.601,1,1,0,0,1,0
2024-01-29,578,1536902,2659,349,0.604,0.061,0.939,10.8,1.1,6.0,rain,8897,240,0.643,1,0,0,0,0,1
2024-01-30,657,1665495,2535,374,0.569,0.053,0.947,10.9,0.9,0.0,sunny,8247,288,0.524,1,0,0,0,0,1
2024-01-31,646,1605956,2486,387,0.6,0.046,0.954,13.5,2.1,0.0,sunny,10402,142,0.646,1,0,0,0,0,1
2024-02-01,391,1021292,2612,259,0.662,0.051,0.949,9.7,1.2,19.1,rain,4839,364,0.291,1,0,1,0,0,0
2024-02-02,736,1756832,2387,448,0.609,0.051,0.949,9.6,1.4,0.0,sunny,10374,456,0.439,1,0,0,0,0,0
2024-02-03,1121,3161220,2820,692,0.617,0.079,0.921,9.2,1.3,0.0,sunny,10943,502,0.453,1,1,0,0,1,0
2024-02-04,1039,3030763,2917,649,0.624,0.067,0.933,11.4,0.9,5.2,rain,10895,238,0.718,1,1,0,0,1,0
2024-02-05,615,1445865,2351,453,0.737,0.062,0.938,12.2,-2.2,0.0,sunny,5966,238,0.646,5,0,0,0,0,0
2024-02-06,606,1577418,2603,376,0.62,0.061,0.939,10.4,0.7,0.0,sunny,6416,275,0.502,1,0,0,0,0,0
2024-02-07,561,1335180,2380,366,0.653,0.04,0.96,9.3,-0.2,0.0,sunny,7761,229,0.512,1,0,0,0,0,0
2024-02-08,584,1425544,2441,352,0.602,0.047,0.953,9.4,-1.3,0.0,sunny,6760,368,0.533,1,0,0,0,0,0
2024-02-09,758,1874534,2473,464,0.612,0.048,0.952,11.7,3.3,0.0,cloudy,10155,401,0.596,1,0,0,0,0,0
2024-02-10,1258,3402890,2705,843,0.67,0.038,0.962,11.9,3.4,0.0,sunny,13822,482,0.512,10,0,0,0,1,0
2024-02-11,1172,3023760,2580,699,0.597,0.031,0.969,11.7,2.9,0.0,cloudy,13704,311,0.507,1,0,0,1,1,0
2024-02-12,768,1913856,2492,471,0.614,0.043,0.957,9.9,1.3,0.0,sunny,8732,122,0.442,1,0,0,1,0,0
2024-02-13,348,867564,2493,225,0.647,0.046,0.954,11.4,3.1,18.1,rain,4612,239,0.354,1,0,0,0,0,0
2024-02-14,568,1388192,2444,339,0.596,0.036,0.964,11.3,1.1,0.0,cloudy,6978,258,0.644,1,0,0,0,0,0
2024-02-15,627,1551825,2475,420,0.67,0.052,0.948,11.5,1.5,0.0,sunny,8034,263,0.557,5,0,0,0,0,0
2024-02-16,877,2310895,2635,562,0.641,0.062,0.938,12.6,-0.4,0.0,sunny,10141,497,0.491,1,0,0,0,0,0
2024-02-17,1305,3415185,2617,777,0.595,0.088,0.912,11.7,2.0,0.0,cloudy,12502,445,0.649,1,1,0,0,1,0
2024-02-18,1090,3155550,2895,712,0.653,0.079,0.921,12.5,1.6,0.0,sunny,13876,239,0.503,1,1,0,0,1,0
2024-02-19,619,1510979,2441,385,0.622,0.032,0.968,11.7,-0.4,0.0,sunny,7472,148,0.664,1,0,0,0,0,0
2024-02-20,375,957000,2552,231,0.615,0.057,0.943,12.1,1.6,18.7,rain,5674,237,0.512,1,0,0,0,0,0
2024-02-21,601,1393118,2318,336,0.56,0.051,0.949,12.7,1.6,0.0,cloudy,7179,230,0.554,1,0,0,0,0,0
2024-02-22,671,1635898,2438,408,0.609,0.054,0.946,9.7,4.6,0.0,cloudy,8182,387,0.43,1,0,0,0,0,0
2024-02-23,991,2464617,2487,625,0.631,0.069,0.931,11.5,3.3,0.0,sunny,14143,499,0.733,1,0,0,1,0,0
2024-02-24,1687,5197647,3081,1134,0.672,0.072,0.928,11.4,2.1,0.0,cloudy,16798,658,0.581,1,1,0,0,1,1
2024-02-25,1364,3744180,2745,937,0.687,0.021,0.979,11.2,2.6,0.0,cloudy,13171,235,0.524,5,0,1,0,1,1
2024-02-26,868,2041536,2352,567,0.654,0.039,0.961,11.9,2.4,0.0,cloudy,10005,226,0.626,1,0,0,0,0,1
2024-02-27,693,1690227,2439,405,0.584,0.055,0.945,14.7,2.1,0.0,cloudy,8415,223,0.606,1,0,0,0,0,0
2024-02-28,624,1629264,2611,385,0.616,0.05,0.95,11.2,0.9,0.0,sunny,7610,393,0.655,1,0,0,0,0,0
2024-02-29,837,1966950,2350,550,0.657,0.038,0.962,14.1,2.4,0.0,sunny,10659,245,0.497,1,0,0,0,0,1
2024-03-01,796,1982040,2490,472,0.593,0.036,0.964,10.3,1.7,0.0,sunny,12099,528,0.575,1,0,0,0,0,0
2024-03-02,1475,4312900,2924,957,0.649,0.076,0.924,12.4,1.0,0.0,sunny,14207,475,0.455,1,1,0,0,1,0
2024-03-03,1257,3606333,2869,807,0.642,0.068,0.932,13.3,3.8,0.0,cloudy,13233,272,0.603,1,1,0,0,1,0
2024-03-04,705,2000085,2837,443,0.628,0.055,0.945,14.1,3.8,0.0,cloudy,9230,310,0.548,1,0,0,0,0,0
2024-03-05,704,1775488,2522,465,0.66,0.046,0.954,14.4,0.6,0.0,cloudy,7022,304,0.572,5,0,0,0,0,0
2024-03-06,768,1963008,2556,453,0.59,0.044,0.956,14.6,3.3,0.0,cloudy,8955,160,0.538,1,0,0,0,0,0
2024-03-07,413,992852,2404,278,0.673,0.042,0.958,13.1,5.1,52.3,rain,5149,216,0.38,1,0,0,0,0,0
2024-03-08,631,1619146,2566,403,0.639,0.053,0.947,13.0,5.3,18.2,rain,6579,310,0.331,1,0,0,0,0,0
2024-03-09,1132,3100548,2739,713,0.63,0.05,0.95,15.2,5.4,0.0,cloudy,17441,572,0.613,1,0,0,0,1,0
2024-03-10,1355,3945760,2912,891,0.658,0.082,0.918,13.7,4.1,0.0,cloudy,12538,239,0.669,10,1,1,0,1,0
2024-03-11,686,1710198,2493,426,0.621,0.052,0.948,12.2,2.9,0.0,sunny,8002,246,0.505,1,0,0,0,0,0
2024-03-12,596,1423248,2388,372,0.625,0.049,0.951,12.6,2.7,0.0,sunny,9175,193,0.594,1,0,0,0,0,0
2024-03-13,719,1694683,2357,454,0.632,0.04,0.96,13.1,5.0,0.0,sunny,7780,295,0.585,1,0,0,0,0,0
2024-03-14,687,1806810,2630,441,0.642,0.043,0.957,15.4,5.2,0.0,sunny,8850,219,0.551,1,0,0,0,0,0
2024-03-15,794,1988176,2504,513,0.647,0.046,0.954,15.0,6.7,8.9,rain,10413,553,0.428,5,0,0,0,0,0
2024-03-16,1558,4007176,2572,897,0.576,0.101,0.899,16.0,6.6,0.0,cloudy,14857,325,0.446,1,1,0,0,1,0
2024-03-17,1011,2888427,2857,629,0.623,0.037,0.963,14.4,4.9,0.0,sunny,11190,240,0.488,1,0,0,0,1,0
2024-03-18,721,1730400,2400,409,0.568,0.046,0.954,15.5,3.4,0.0,cloudy,9687,309,0.379,1,0,0,0,0,0
2024-03-19,638,1575222,2469,389,0.61,0.051,0.949,16.3,4.9,0.0,cloudy,8434,367,0.663,1,0,0,0,0,0
2024-03-20,875,2366875,2705,529,0.605,0.047,0.953,15.1,5.9,0.0,cloudy,12979,337,0.579,1,0,0,1,0,0
2024-03-21,904,2243728,2482,574,0.635,0.061,0.939,16.4,5.4,0.0,cloudy,8995,426,0.548,1,0,0,0,0,0
2024-03-22,970,2405600,2480,659,0.679,0.047,0.953,14.9,5.0,0.0,cloudy,12704,399,0.375,1,0,0,0,0,0
2024-03-23,1180,2907520,2464,663,0.562,0.048,0.952,15.5,6.5,0.0,sunny,17702,581,0.404,1,0,0,0,1,0
2024-03-24,1212,2920920,2410,834,0.688,0.058,0.942,15.7,5.5,0.0,sunny,14476,265,0.55,1,0,0,0,1,1
2024-03-25,903,2306262,2554,599,0.663,0.068,0.932,14.6,5.5,0.0,sunny,10476,348,0.708,5,0,0,0,0,1
2024-03-26,842,2142890,2545,531,0.63,0.064,0.936,17.3,7.1,0.0,sunny,10832,303,0.494,1,0,0,0,0,1
2024-03-27,761,1931418,2538,440,0.578,0.049,0.951,16.1,6.2,0.0,sunny,8686,254,0.728,1,0,0,0,0,0
2024-03-28,817,1993480,2440,531,0.65,0.05,0.95,17.0,7.3,0.0,cloudy,10109,456,0.512,1,0,0,0,0,0
2024-03-29,1040,2603120,2503,646,0.621,0.05,0.95,17.8,7.5,0.0,sunny,13617,403,0.554,1,0,0,0,0,1
2024-03-30,879,2095536,2384,543,0.618,0.051,0.949,18.0,5.6,60.3,rain,11490,369,0.497,1,0,0,0,1,1
2024-03-31,887,2381595,2685,498,0.562,0.042,0.958,18.5,6.7,28.6,rain,10854,266,0.372,1,0,0,0,1,1
2024-04-01,632,1592640,2520,393,0.622,0.059,0.941,17.5,9.8,6.1,rain,8659,283,0.495,1,0,0,0,0,0
2024-04-02,778,2137166,2747,502,0.645,0.052,0.948,17.2,6.1,0.0,sunny,9400,313,0.663,1,0,0,0,0,0
2024-04-03,773,1933273,2501,474,0.613,0.05,0.95,17.9,4.8,0.0,sunny,9088,311,0.554,1,0,0,0,0,0
2024-04-04,691,1645962,2382,453,0.655,0.037,0.963,15.7,5.4,0.0,cloudy,9357,418,0.637,1,0,0,0,0,0
2024-04-05,1039,2668152,2568,731,0.704,0.051,0.949,16.2,8.4,0.0,sunny,12018,433,0.495,5,0,0,0,0,0
2024-04-06,988,2842476,2877,594,0.601,0.061,0.939,16.6,8.6,13.8,rain,11431,472,0.513,1,1,0,0,1,0
2024-04-07,1172,3503108,2989,783,0.668,0.074,0.926,17.2,8.6,10.7,rain,10948,230,0.422,1,1,0,0,1,0
2024-04-08,798,1997394,2503,496,0.621,0.044,0.956,19.5,10.8,0.0,cloudy,10486,279,0.585,1,0,0,0,0,0
2024-04-09,857,2007951,2343,533,0.621,0.053,0.947,17.8,5.1,0.0,cloudy,7766,274,0.561,1,0,0,0,0,0
2024-04-10,990,2340360,2364,666,0.673,0.069,0.931,18.7,9.9,0.0,sunny,9202,215,0.51,10,0,0,0,0,0
2024-04-11,509,1289297,2533,317,0.622,0.056,0.944,21.4,11.8,28.6,rain,6678,476,0.4,1,0,0,0,0,0
2024-04-12,875,2338875,2673,473,0.541,0.064,0.936,19.1,8.0,0.0,sunny,11651,466,0.515,1,0,0,0,0,0
2024-04-13,1267,3338545,2635,778,0.614,0.056,0.944,21.0,9.3,0.0,cloudy,19447,460,0.627,1,0,0,0,1,0
2024-04-14,1101,3007932,2732,638,0.579,0.061,0.939,18.7,8.9,0.0,sunny,15079,367,0.534,1,0,0,0,1,0
2024-04-15,992,2683360,2705,713,0.719,0.069,0.931,19.9,8.9,0.0,sunny,10560,202,0.43,5,0,0,0,0,0
2024-04-16,781,1978273,2533,521,0.668,0.043,0.957,19.0,9.9,0.0,sunny,9293,373,0.416,1,0,0,0,0,0
2024-04-17,958,2297284,2398,618,0.646,0.042,0.958,20.1,12.8,0.0,sunny,10605,368,0.614,1,0,0,0,0,0
2024-04-18,913,2304412,2524,560,0.613,0.057,0.943,22.1,13.6,0.0,sunny,9472,229,0.599,1,0,1,0,0,0
2024-04-19,1068,2831268,2651,630,0.59,0.05,0.95,18.4,10.5,0.0,sunny,12683,447,0.458,1,0,0,0,0,0
2024-04-20,1395,3759525,2695,837,0.6,0.052,0.948,21.8,14.0,0.0,sunny,15468,664,0.574,1,0,0,0,1,0
2024-04-21,1637,4966658,3034,1110,0.678,0.078,0.922,21.7,11.4,0.0,sunny,15139,366,0.561,1,1,0,0,1,0
2024-04-22,867,2117214,2442,520,0.599,0.044,0.956,20.7,14.2,0.0,cloudy,7889,316,0.545,1,0,0,0,0,0
2024-04-23,739,1829025,2475,406,0.549,0.066,0.934,19.6,11.6,0.0,cloudy,8851,409,0.585,1,0,0,0,0,0
2024-04-24,1072,2663920,2485,698,0.651,0.039,0.961,22.1,12.1,0.0,cloudy,13795,537,0.563,1,0,0,0,0,1
2024-04-25,1143,2935224,2568,817,0.715,0.057,0.943,21.3,12.7,0.0,cloudy,14139,325,0.521,5,0,0,0,0,1
2024-04-26,775,2050650,2646,519,0.67,0.055,0.945,22.7,17.1,20.8,rain,11328,496,0.374,1,0,0,0,0,1
2024-04-27,1114,2581138,2317,725,0.651,0.034,0.966,22.5,13.8,0.0,cloudy,19780,482,0.584,1,0,0,0,1,0
2024-04-28,1318,3465022,2629,865,0.656,0.042,0.958,25.1,11.6,0.0,sunny,16842,301,0.681,1,0,0,0,1,0
2024-04-29,893,2223570,2490,555,0.622,0.043,0.957,22.5,14.3,14.4,rain,10581,453,0.535,1,0,0,1,0,1
2024-04-30,1023,2382567,2329,571,0.558,0.056,0.944,21.5,12.5,0.0,sunny,10542,411,0.441,1,0,1,0,0,1
2024-05-01,866,2237744,2584,538,0.621,0.046,0.954,23.5,12.5,0.0,cloudy,11852,413,0.522,1,0,0,0,0,0
2024-05-02,875,2107875,2409,559,0.639,0.049,0.951,23.8,14.8,0.0,sunny,11206,370,0.425,1,0,0,0,0,0
2024-05-03,1025,2516375,2455,631,0.616,0.035,0.965,25.7,13.7,11.0,rain,16435,688,0.522,1,0,0,1,0,0
2024-05-04,2211,7064145,3195,1359,0.615,0.103,0.897,25.1,14.2,0.0,cloudy,21139,918,0.631,1,1,0,1,1,0
2024-05-05,2146,6762046,3151,1376,0.641,0.081,0.919,24.5,14.0,0.0,cloudy,24012,440,0.578,5,1,0,1,1,0
2024-05-06,1068,2746896,2572,630,0.59,0.055,0.945,26.4,14.7,0.0,sunny,13361,314,0.563,1,0,0,1,0,0
2024-05-07,850,2165800,2548,574,0.675,0.045,0.955,22.6,15.0,5.6,rain,10462,263,0.66,1,0,1,0,0,0
2024-05-08,642,1591518,2479,434,0.676,0.043,0.957,23.6,11.6,23.7,rain,8519,473,0.695,1,0,0,0,0,0
2024-05-09,971,2670250,2750,602,0.62,0.069,0.931,23.3,15.7,0.0,cloudy,10492,401,0.818,1,0,0,0,0,0
2024-05-10,1293,3462654,2678,877,0.678,0.031,0.969,24.3,13.4,0.0,sunny,13080,587,0.587,10,0,0,0,0,0
2024-05-11,1293,3267411,2527,764,0.591,0.053,0.947,23.0,12.9,0.0,cloudy,16014,584,0.522,1,0,0,0,1,0
2024-05-12,1310,3197710,2441,837,0.639,0.038,0.962,26.2,15.2,0.0,sunny,14136,413,0.611,1,0,0,0,1,0
2024-05-13,790,2031090,2571,532,0.673,0.046,0.954,25.1,15.5,0.0,cloudy,11810,349,0.615,1,0,0,0,0,0
2024-05-14,781,1947033,2493,448,0.574,0.044,0.956,23.4,14.5,0.0,cloudy,10312,275,0.535,1,0,0,0,0,0
2024-05-15,793,1896063,2391,542,0.684,0.04,0.96,24.2,17.0,0.0,cloudy,10950,349,0.522,5,0,0,0,0,0
2024-05-16,892,2278168,2554,567,0.636,0.05,0.95,26.4,13.9,0.0,cloudy,11919,541,0.641,1,0,0,0,0,0
2024-05-17,1216,2998656,2466,773,0.636,0.024,0.976,27.4,15.5,0.0,cloudy,11126,454,0.683,1,0,0,0,0,0
2024-05-18,1381,3721795,2695,924,0.669,0.047,0.953,29.3,15.4,0.0,sunny,19640,464,0.49,1,0,0,0,1,0
2024-05-19,1304,3498632,2683,888,0.681,0.049,0.951,30.8,16.4,0.0,cloudy,15055,402,0.529,1,0,0,0,1,0
2024-05-20,1029,2494296,2424,631,0.613,0.036,0.964,27.2,17.0,0.0,cloudy,11632,283,0.578,1,0,0,0,0,0
2024-05-21,711,1833669,2579,455,0.64,0.065,0.935,25.3,15.2,9.1,rain,9183,453,0.589,1,0,0,0,0,0
2024-05-22,834,2033292,2438,519,0.623,0.044,0.956,23.7,18.0,0.0,cloudy,12520,302,0.508,1,0,0,0,0,0
2024-05-23,865,2115790,2446,520,0.601,0.048,0.952,27.5,17.2,0.0,cloudy,11186,398,0.701,1,0,0,0,0,0
2024-05-24,1246,3031518,2433,783,0.628,0.044,0.956,26.0,14.4,1.4,rain,12262,836,0.584,1,0,0,0,0,1
2024-05-25,1800,5135400,2853,1242,0.69,0.049,0.951,26.8,14.4,0.0,sunny,20768,622,0.593,5,0,1,0,1,1
2024-05-26,1650,4270200,2588,1034,0.627,0.063,0.937,26.6,17.5,0.0,sunny,19894,331,0.865,1,0,0,0,1,1
2024-05-27,973,2599856,2672,578,0.594,0.075,0.925,27.5,17.4,0.0,cloudy,9960,306,0.514,1,0,0,0,0,0
2024-05-28,884,2407132,2723,536,0.606,0.057,0.943,29.4,17.7,0.0,sunny,10465,466,0.543,1,0,0,0,0,0
2024-05-29,951,2290008,2408,577,0.606,0.061,0.939,28.2,17.9,0.0,cloudy,11990,448,0.45,1,0,1,0,0,1
2024-05-30,1032,2203320,2135,614,0.595,0.067,0.933,27.9,18.5,0.0,sunny,11300,527,0.536,1,0,0,0,0,1
2024-05-31,1273,3349263,2631,801,0.629,0.052,0.948,26.7,19.7,0.0,sunny,17136,407,0.431,1,0,0,0,0,1
2024-06-01,1202,3455750,2875,760,0.633,0.096,0.904,25.9,16.7,23.7,rain,11154,460,0.46,1,1,0,0,1,0
2024-06-02,1120,3133760,2798,727,0.649,0.088,0.912,27.8,16.8,22.9,rain,10189,532,0.434,1,1,0,0,1,0
2024-06-03,1053,2554578,2426,626,0.594,0.051,0.949,28.6,17.0,0.0,cloudy,10555,312,0.528,1,0,0,0,0,0
2024-06-04,637,1559376,2448,384,0.603,0.054,0.946,31.5,19.3,12.1,rain,8873,289,0.535,1,0,0,0,0,0
2024-06-05,738,2023596,2742,529,0.717,0.032,0.968,29.2,20.8,8.4,rain,8924,268,0.611,5,0,0,0,0,0
2024-06-06,924,2328480,2520,568,0.615,0.053,0.947,30.6,18.4,0.0,sunny,11182,244,0.459,1,0,0,0,0,0
2024-06-07,684,1819440,2660,425,0.621,0.035,0.965,28.5,15.5,26.7,rain,8588,341,0.416,1,0,0,0,0,0
2024-06-08,929,2499010,2690,571,0.615,0.034,0.966,27.6,16.8,30.3,rain,12275,294,0.456,1,0,0,0,1,0
2024-06-09,827,2136968,2584,541,0.654,0.052,0.948,28.0,18.2,36.0,rain,12085,386,0.257,1,0,0,0,1,0
2024-06-10,843,2128575,2525,594,0.705,0.039,0.961,28.5,18.7,0.0,cloudy,11843,380,0.605,10,0,0,0,0,0
2024-06-11,807,2073990,2570,527,0.653,0.05,0.95,32.9,19.1,0.0,cloudy,10684,266,0.416,1,0,0,0,0,0
2024-06-12,589,1533167,2603,366,0.621,0.051,0.949,28.6,19.9,15.7,rain,7911,324,0.391,1,0,0,0,0,0
2024-06-13,963,2527875,2625,572,0.594,0.052,0.948,31.2,19.5,0.0,cloudy,9525,367,0.457,1,0,0,0,0,0
2024-06-14,1196,2950532,2467,811,0.678,0.041,0.959,28.7,21.6,0.0,sunny,12620,693,0.664,1,0,1,0,0,0
2024-06-15,1404,3824496,2724,977,0.696,0.059,0.941,31.5,19.1,0.0,sunny,17007,377,0.457,5,0,0,0,1,0
2024-06-16,995,2688490,2702,603,0.606,0.049,0.951,30.8,18.9,11.2,rain,11472,189,0.268,1,0,0,0,1,0
2024-06-17,581,1424612,2452,385,0.663,0.054,0.946,30.1,21.1,11.2,rain,7598,342,0.411,1,0,0,0,0,0
2024-06-18,755,1780290,2358,456,0.604,0.038,0.962,30.4,18.1,0.0,sunny,8383,279,0.517,1,0,0,0,0,0
2024-06-19,673,1614527,2399,446,0.662,0.048,0.952,29.6,21.1,12.6,rain,6974,211,0.28,1,0,0,0,0,0
2024-06-20,868,2143960,2470,577,0.664,0.061,0.939,31.3,20.8,0.0,sunny,10764,359,0.592,1,0,0,0,0,0
2024-06-21,1163,3004029,2583,689,0.592,0.06,0.94,30.0,20.5,0.0,sunny,13557,358,0.391,1,0,0,0,0,0
2024-06-22,838,2338020,2790,534,0.637,0.042,0.958,29.0,23.2,16.0,rain,11183,541,0.317,1,0,0,0,1,0
2024-06-23,1279,3129713,2447,823,0.643,0.045,0.955,29.0,20.0,0.0,sunny,16387,344,0.504,1,0,0,0,1,0
2024-06-24,962,2332850,2425,672,0.698,0.04,0.96,31.2,24.1,0.0,cloudy,11898,342,0.614,1,0,0,0,0,1
2024-06-25,1113,2814777,2529,721,0.648,0.043,0.957,33.4,20.7,0.0,sunny,12685,275,0.654,5,0,1,0,0,1
2024-06-26,692,1798508,2599,459,0.663,0.036,0.964,31.4,19.2,21.0,rain,7754,316,0.488,1,0,0,0,0,1
2024-06-27,948,2307432,2434,588,0.621,0.049,0.951,31.0,21.3,0.0,cloudy,11843,433,0.538,1,0,0,0,0,0
2024-06-28,1184,2896064,2446,690,0.583,0.056,0.944,31.7,19.7,0.0,cloudy,13634,488,0.356,1,0,0,0,0,0
2024-06-29,1520,3708800,2440,937,0.616,0.042,0.958,33.3,20.2,0.0,sunny,16772,433,0.581,1,0,0,0,1,1
2024-06-30,1583,4255104,2688,982,0.62,0.049,0.951,31.7,22.0,0.0,sunny,17931,362,0.668,1,0,0,0,1,1
2024-07-01,804,1993920,2480,473,0.588,0.048,0.952,30.8,22.3,0.0,sunny,9499,234,0.649,1,0,0,0,0,0
2024-07-02,556,1344408,2418,350,0.629,0.061,0.939,33.2,20.6,12.2,rain,7434,346,0.437,1,0,0,0,0,0
2024-07-03,854,2107672,2468,554,0.649,0.044,0.956,32.2,23.1,1.3,rain,9384,237,0.455,1,0,0,0,0,0
2024-07-04,613,1618933,2641,384,0.627,0.044,0.956,33.9,23.4,9.8,rain,8896,372,0.508,1,0,0,0,0,0
2024-07-05,1171,2864266,2446,766,0.654,0.042,0.958,31.9,23.8,0.0,cloudy,11497,775,0.705,5,0,0,0,0,0
2024-07-06,1728,4841856,2802,1064,0.616,0.069,0.931,29.9,22.5,0.0,sunny,17610,453,0.437,1,1,0,0,1,0
2024-07-07,1682,5227656,3108,1043,0.62,0.085,0.915,29.7,23.8,0.0,cloudy,16948,240,0.458,1,1,0,0,1,0
2024-07-08,536,1344824,2509,336,0.627,0.049,0.951,34.3,19.0,39.3,rain,7335,350,0.475,1,0,0,0,0,0
2024-07-09,783,2023272,2584,512,0.653,0.051,0.949,34.4,21.4,0.0,sunny,9006,410,0.516,1,0,0,0,0,0
2024-07-10,1002,2632254,2627,680,0.678,0.063,0.937,31.6,20.6,0.0,sunny,10448,191,0.455,10,0,0,0,0,0
2024-07-11,542,1352832,2496,313,0.578,0.063,0.937,31.3,22.1,18.8,rain,7236,470,0.522,1,0,0,0,0,0
2024-07-12,1097,2694232,2456,662,0.603,0.034,0.966,34.1,21.1,0.0,sunny,15568,505,0.83,1,0,0,0,0,0
2024-07-13,1438,3931492,2734,899,0.625,0.056,0.944,30.3,21.7,0.0,sunny,14819,381,0.519,1,0,0,0,1,0
2024-07-14,1259,3497502,2778,823,0.654,0.052,0.948,30.6,24.8,0.0,sunny,14328,315,0.458,1,0,0,0,1,0
2024-07-15,953,2587395,2715,676,0.709,0.045,0.955,32.9,21.7,5.7,rain,14814,330,0.714,5,0,0,1,0,0
2024-07-16,798,1876896,2352,537,0.673,0.053,0.947,31.4,22.6,0.0,cloudy,9760,339,0.548,1,0,0,0,0,0
2024-07-17,916,2439308,2663,572,0.624,0.033,0.967,32.0,21.6,0.0,cloudy,8353,273,0.662,1,0,0,0,0,0
2024-07-18,836,2052380,2455,537,0.643,0.065,0.935,31.8,22.1,0.0,cloudy,10154,430,0.621,1,0,0,0,0,0
2024-07-19,1006,2420436,2406,580,0.576,0.055,0.945,32.5,22.0,0.0,cloudy,9400,655,0.508,1,0,0,0,0,0
2024-07-20,1248,3248544,2603,790,0.633,0.041,0.959,34.1,22.7,0.0,sunny,17390,367,0.658,1,0,0,0,1,0
2024-07-21,796,2176264,2734,468,0.588,0.044,0.956,32.1,23.7,20.9,rain,10788,364,0.516,1,0,0,0,1,0
2024-07-22,934,2398512,2568,577,0.618,0.033,0.967,33.0,24.5,0.0,cloudy,9398,372,0.667,1,0,1,0,0,0
2024-07-23,907,2238476,2468,645,0.711,0.047,0.953,28.9,22.4,0.0,cloudy,9741,387,0.4,1,0,0,0,0,0
2024-07-24,970,2526850,2605,610,0.629,0.045,0.955,31.9,22.8,0.0,cloudy,12833,304,0.594,1,0,0,0,0,1
2024-07-25,754,1955122,2593,486,0.644,0.037,0.963,30.7,20.2,16.5,rain,6875,240,0.39,5,0,0,0,0,1
2024-07-26,832,2020096,2428,526,0.632,0.058,0.942,30.1,21.8,27.2,rain,8587,501,0.317,1,0,0,0,0,1
2024-07-27,1467,3714444,2532,887,0.604,0.063,0.937,30.6,23.3,0.0,cloudy,16624,383,0.571,1,0,0,0,1,0
2024-07-28,1099,3280515,2985,650,0.591,0.08,0.92,31.4,23.2,15.6,rain,9745,339,0.292,1,1,0,0,1,0
2024-07-29,1042,2594580,2490,712,0.683,0.047,0.953,33.2,22.2,0.0,cloudy,11388,284,0.513,1,0,0,0,0,1
2024-07-30,703,1636584,2328,458,0.652,0.054,0.946,29.8,23.1,11.4,rain,7765,382,0.336,1,0,0,0,0,1
2024-07-31,844,2199464,2606,532,0.63,0.05,0.95,31.8,22.5,0.0,sunny,11875,338,0.51,1,0,0,0,0,1
2024-08-01,892,2176480,2440,543,0.608,0.039,0.961,31.0,23.5,0.0,cloudy,10492,377,0.544,1,0,0,0,0,0
2024-08-02,1089,2939211,2699,665,0.611,0.043,0.957,31.2,22.1,0.0,cloudy,13621,530,0.469,1,0,0,0,0,0
2024-08-03,1765,4800800,2720,1176,0.666,0.077,0.923,33.2,21.1,0.0,sunny,16616,637,0.676,1,1,0,0,1,0
2024-08-04,1589,4606511,2899,1000,0.629,0.082,0.918,32.4,22.1,0.0,sunny,15252,335,0.589,1,1,0,0,1,0
2024-08-05,966,2400510,2485,558,0.578,0.05,0.95,33.6,17.2,0.0,sunny,8574,247,0.694,5,0,0,0,0,0
2024-08-06,811,1928558,2378,562,0.693,0.052,0.948,31.3,22.1,0.0,cloudy,10190,295,0.537,1,0,0,0,0,0
2024-08-07,824,2009736,2439,515,0.625,0.035,0.965,30.4,16.0,0.0,sunny,9804,192,0.506,1,0,0,0,0,0
2024-08-08,626,1703346,2721,395,0.63,0.057,0.943,31.0,18.8,11.8,rain,7893,400,0.541,1,0,1,0,0,0
2024-08-09,1084,2729512,2518,707,0.653,0.05,0.95,31.7,22.0,0.0,sunny,13984,565,0.504,1,0,0,0,0,0
2024-08-10,1492,3868756,2593,1020,0.684,0.076,0.924,31.5,22.0,0.0,cloudy,15211,522,0.536,10,0,0,0,1,0
2024-08-11,1546,3687210,2385,993,0.642,0.046,0.954,29.5,19.4,0.0,cloudy,21613,472,0.608,1,0,0,1,1,0
2024-08-12,1020,2330700,2285,619,0.607,0.053,0.947,31.2,20.0,0.0,cloudy,14542,154,0.451,1,0,0,1,0,0
2024-08-13,513,1248129,2433,299,0.583,0.078,0.922,31.4,23.1,30.1,rain,6679,315,0.457,1,0,0,0,0,0
2024-08-14,754,1825434,2421,474,0.628,0.052,0.948,34.7,20.2,0.0,sunny,8560,455,0.597,1,0,0,0,0,0
2024-08-15,973,2477258,2546,694,0.713,0.049,0.951,33.7,24.2,0.0,cloudy,7826,351,0.652,5,0,1,0,0,0
2024-08-16,652,1444832,2216,392,0.601,0.04,0.96,29.5,20.8,12.4,rain,10646,500,0.471,1,0,0,0,0,0
2024-08-17,1358,3548454,2613,812,0.598,0.065,0.935,30.3,21.3,0.0,cloudy,16541,377,0.654,1,0,0,0,1,0
2024-08-18,1315,3629400,2760,863,0.657,0.038,0.962,28.4,23.0,0.0,cloudy,14027,201,0.541,1,0,0,0,1,0
2024-08-19,761,2056983,2703,461,0.606,0.054,0.946,29.6,20.7,8.7,rain,9398,348,0.481,1,0,0,0,0,0
2024-08-20,871,1971073,2263,529,0.608,0.045,0.955,30.9,18.9,0.0,cloudy,8970,259,0.91,1,0,0,0,0,0
2024-08-21,861,2066400,2400,524,0.609,0.048,0.952,32.1,20.1,0.0,cloudy,9217,278,0.428,1,0,0,0,0,0
2024-08-22,841,2012513,2393,520,0.618,0.036,0.964,29.1,20.2,0.0,sunny,10932,360,0.436,1,0,0,0,0,0
2024-08-23,1009,2540662,2518,578,0.573,0.063,0.937,29.1,18.1,0.0,cloudy,11208,565,0.595,1,0,0,0,0,0
2024-08-24,1586,3909490,2465,958,0.604,0.047,0.953,26.8,19.6,0.0,sunny,18907,577,0.68,1,0,0,0,1,1
2024-08-25,1434,4197318,2927,971,0.677,0.038,0.962,29.6,18.8,0.0,cloudy,18758,285,0.565,5,0,0,0,1,1
2024-08-26,882,2209410,2505,553,0.627,0.063,0.937,28.2,21.2,0.0,cloudy,11913,256,0.63,1,0,0,0,0,1
2024-08-27,732,1819020,2485,479,0.655,0.045,0.955,28.9,19.7,0.0,cloudy,10675,289,0.39,1,0,0,0,0,0
2024-08-28,728,1964872,2699,492,0.675,0.053,0.947,28.2,19.1,0.0,cloudy,10985,341,0.51,1,0,0,0,0,0
2024-08-29,971,2425558,2498,646,0.665,0.058,0.942,29.3,19.3,0.0,cloudy,11710,472,0.4,1,0,0,0,0,1
2024-08-30,987,2516850,2550,639,0.647,0.055,0.945,26.7,19.6,7.6,rain,9449,582,0.612,1,0,0,0,0,1
2024-08-31,1461,3690486,2526,899,0.616,0.028,0.972,27.0,20.1,0.0,sunny,16660,388,0.426,1,0,0,0,1,1
2024-09-01,1313,3577925,2725,790,0.601,0.087,0.913,32.2,17.5,0.0,cloudy,15072,321,0.448,1,1,0,0,1,0
2024-09-02,833,2019192,2424,517,0.621,0.049,0.951,27.0,17.3,0.0,cloudy,8495,307,0.591,1,0,0,0,0,0
2024-09-03,798,2212854,2773,509,0.638,0.047,0.953,27.1,20.4,0.0,sunny,9152,275,0.635,1,0,0,0,0,0
2024-09-04,688,1774352,2579,444,0.645,0.049,0.951,31.4,18.0,0.0,cloudy,9662,249,0.537,1,0,0,0,0,0
2024-09-05,738,1926180,2610,508,0.689,0.034,0.966,32.9,16.4,0.0,cloudy,10974,401,0.596,5,0,0,0,0,0
2024-09-06,902,2144956,2378,556,0.616,0.052,0.948,26.6,19.0,7.4,rain,9961,488,0.593,1,0,0,0,0,0
2024-09-07,1400,4281200,3058,901,0.644,0.066,0.934,27.7,18.9,0.0,cloudy,14854,368,0.533,1,1,0,0,1,0
2024-09-08,926,2265922,2447,609,0.658,0.047,0.953,28.6,15.8,11.0,rain,11088,294,0.312,1,0,0,0,1,0
2024-09-09,848,1953792,2304,548,0.646,0.052,0.948,30.5,18.3,0.0,sunny,9853,354,0.595,1,0,0,0,0,0
2024-09-10,963,2410389,2503,644,0.669,0.061,0.939,26.3,18.9,0.0,sunny,9178,418,0.599,10,0,0,0,0,0
2024-09-11,770,2112880,2744,458,0.595,0.042,0.958,27.3,18.2,9.9,rain,8824,335,0.834,1,0,1,0,0,0
2024-09-12,866,2370242,2737,515,0.594,0.065,0.935,28.6,18.4,0.0,cloudy,9055,237,0.575,1,0,0,0,0,0
2024-09-13,800,1955200,2444,480,0.6,0.059,0.941,28.0,15.2,14.9,rain,8534,548,0.307,1,0,0,0,0,0
2024-09-14,1049,2661313,2537,658,0.628,0.046,0.954,26.6,17.7,0.0,cloudy,16379,494,0.605,1,0,0,0,1,0
2024-09-15,1408,3877632,2754,965,0.686,0.069,0.931,26.8,16.6,0.0,cloudy,13642,375,0.55,5,1,0,0,1,0
2024-09-16,1035,2597850,2510,598,0.578,0.036,0.964,24.8,16.1,0.0,cloudy,13233,169,0.511,1,0,0,1,0,0
2024-09-17,547,1378440,2520,331,0.605,0.053,0.947,26.3,18.0,11.6,rain,7113,238,0.376,1,0,0,0,0,0
2024-09-18,817,2123383,2599,513,0.627,0.043,0.957,26.1,18.7,0.2,cloudy,10134,224,0.495,1,0,0,0,0,0
2024-09-19,590,1542260,2614,350,0.593,0.062,0.938,26.7,19.1,12.2,rain,7545,266,0.471,1,0,0,0,0,0
2024-09-20,679,1680525,2475,430,0.633,0.043,0.957,25.4,18.2,22.0,rain,8076,325,0.287,1,0,1,0,0,0
2024-09-21,1142,3081116,2698,698,0.611,0.041,0.959,26.7,15.9,4.7,rain,13015,411,0.471,1,0,0,0,1,0
2024-09-22,983,2489939,2533,588,0.598,0.052,0.948,27.4,16.4,14.0,rain,11672,313,0.374,1,0,0,1,1,0
2024-09-23,914,2346238,2567,568,0.622,0.043,0.957,25.9,16.8,0.0,sunny,13340,331,0.679,1,0,0,1,0,0
2024-09-24,755,1839935,2437,477,0.632,0.05,0.95,26.0,15.7,5.0,rain,9848,224,0.634,1,0,0,0,0,1
2024-09-25,597,1572498,2634,385,0.645,0.06,0.94,25.4,15.5,31.6,rain,6216,290,0.269,5,0,1,0,0,1
2024-09-26,994,2531718,2547,609,0.613,0.051,0.949,25.2,16.4,0.0,cloudy,11313,366,0.658,1,0,0,0,0,1
2024-09-27,1009,2531581,2509,640,0.634,0.051,0.949,23.9,14.9,0.0,cloudy,8979,478,0.658,1,0,0,0,0,0
2024-09-28,1590,4835190,3041,949,0.597,0.082,0.918,25.3,13.7,0.0,cloudy,14258,690,0.456,1,1,0,0,1,0
2024-09-29,1423,3834985,2695,811,0.57,0.063,0.937,24.5,14.0,0.0,cloudy,17356,317,0.348,1,1,0,0,1,1
2024-09-30,745,1763415,2367,428,0.574,0.054,0.946,27.6,15.4,0.0,sunny,10435,256,0.544,1,0,0,0,0,1
2024-10-01,697,1718802,2466,423,0.607,0.052,0.948,26.6,14.3,0.0,cloudy,8821,321,0.64,1,0,0,0,0,0
2024-10-02,944,2190080,2320,548,0.58,0.059,0.941,24.7,14.6,0.0,cloudy,6346,254,0.677,1,0,1,0,0,0
2024-10-03,867,2123283,2449,528,0.61,0.056,0.944,22.8,14.9,0.0,sunny,9126,186,0.48,1,0,0,0,0,0
2024-10-04,590,1447270,2453,395,0.67,0.048,0.952,22.1,13.2,33.5,rain,7740,392,0.54,1,0,0,0,0,0
2024-10-05,1014,3240744,3196,637,0.629,0.09,0.91,25.3,14.7,21.2,rain,10067,412,0.222,5,1,0,0,1,0
2024-10-06,1384,4077264,2946,846,0.612,0.077,0.923,23.8,13.9,0.0,sunny,14792,149,0.521,1,1,0,0,1,0
2024-10-07,431,1133099,2629,295,0.684,0.052,0.948,23.9,11.3,29.3,rain,5835,290,0.367,1,0,0,0,0,0
2024-10-08,752,1908576,2538,475,0.632,0.047,0.953,20.4,15.2,0.0,cloudy,8441,220,0.642,1,0,0,0,0,0
2024-10-09,483,1175139,2433,294,0.609,0.055,0.945,24.2,12.1,22.7,rain,5128,212,0.614,1,0,0,0,0,0
2024-10-10,691,1791072,2592,460,0.665,0.046,0.954,23.3,10.1,9.7,rain,7339,312,0.626,10,0,0,0,0,0
2024-10-11,761,1971751,2591,482,0.633,0.066,0.934,20.8,10.9,14.5,rain,7254,425,0.498,1,0,1,0,0,0
2024-10-12,1416,3939312,2782,950,0.671,0.07,0.93,21.5,10.7,0.0,cloudy,11847,354,0.619,1,0,1,0,1,0
2024-10-13,706,1841248,2608,426,0.604,0.059,0.941,22.5,12.1,17.1,rain,7753,392,0.441,1,0,0,0,1,0
2024-10-14,810,1858140,2294,484,0.597,0.065,0.935,22.0,11.5,0.0,sunny,12917,251,0.416,1,0,0,1,0,0
2024-10-15,732,1723128,2354,460,0.629,0.035,0.965,21.2,11.2,0.0,sunny,8208,185,0.385,5,0,0,0,0,0
2024-10-16,388,954092,2459,242,0.623,0.036,0.964,21.3,12.4,24.8,rain,5788,217,0.483,1,0,0,0,0,0
2024-10-17,710,1567680,2208,410,0.578,0.047,0.953,20.9,11.8,0.0,sunny,8605,193,0.536,1,0,0,0,0,0
2024-10-18,621,1691604,2724,376,0.606,0.05,0.95,21.3,11.6,40.9,rain,5886,345,0.297,1,0,0,0,0,0
2024-10-19,943,2840316,3012,559,0.593,0.078,0.922,23.1,11.5,23.0,rain,10154,401,0.383,1,1,0,0,1,0
2024-10-20,1075,2732650,2542,701,0.652,0.034,0.966,16.9,11.7,0.0,sunny,9806,259,0.579,1,0,0,0,1,0
2024-10-21,731,1725891,2361,442,0.605,0.062,0.938,20.2,7.4,0.0,sunny,8267,167,0.543,1,0,0,0,0,0
2024-10-22,502,1319758,2629,317,0.632,0.072,0.928,20.6,9.8,63.3,rain,5343,259,0.276,1,0,0,0,0,0
2024-10-23,655,1546455,2361,375,0.572,0.063,0.937,20.6,6.9,0.0,sunny,8734,266,0.701,1,0,0,0,0,0
2024-10-24,746,1770258,2373,465,0.624,0.061,0.939,19.4,10.0,5.4,rain,8414,369,0.63,1,0,0,0,0,1
2024-10-25,997,2468572,2476,632,0.634,0.052,0.948,17.2,9.8,0.0,cloudy,9899,451,0.523,5,0,0,0,0,1
2024-10-26,1369,3614160,2640,831,0.607,0.042,0.958,20.1,11.2,0.0,cloudy,14758,397,0.526,1,0,0,0,1,1
2024-10-27,1018,2754708,2706,699,0.686,0.051,0.949,22.0,11.2,0.0,cloudy,11818,268,0.579,1,0,0,0,1,0
2024-10-28,754,1997346,2649,489,0.648,0.071,0.929,16.9,9.5,0.0,sunny,7759,255,0.46,1,0,0,0,0,0
2024-10-29,636,1673316,2631,392,0.616,0.046,0.954,20.3,8.3,9.2,rain,8393,248,0.576,1,0,1,0,0,1
2024-10-30,881,2202500,2500,631,0.716,0.045,0.955,18.4,9.6,0.0,sunny,8409,262,0.444,1,0,0,0,0,1
2024-10-31,855,2246940,2628,507,0.593,0.061,0.939,18.6,7.9,0.0,cloudy,10317,332,0.544,1,0,0,0,0,1
2024-11-01,833,2012528,2416,546,0.655,0.062,0.938,16.9,8.5,0.0,sunny,10597,477,0.457,1,0,0,0,0,0
2024-11-02,1082,2877038,2659,621,0.574,0.072,0.928,17.8,9.8,10.8,rain,11707,591,0.311,1,1,0,0,1,0
2024-11-03,1568,4432736,2827,961,0.613,0.077,0.923,20.1,7.3,0.0,sunny,15570,300,0.682,1,1,0,1,1,0
2024-11-04,875,2099125,2399,507,0.58,0.045,0.955,18.8,9.2,0.0,cloudy,11514,239,0.555,1,0,0,1,0,0
2024-11-05,607,1513858,2494,411,0.678,0.051,0.949,20.4,8.8,5.5,rain,7133,209,0.567,5,0,0,0,0,0
2024-11-06,639,1520820,2380,397,0.622,0.061,0.939,19.3,6.1,0.0,cloudy,8762,313,0.389,1,0,0,0,0,0
2024-11-07,680,1660560,2442,415,0.611,0.042,0.958,18.1,8.9,0.0,cloudy,7400,332,0.502,1,0,0,0,0,0
2024-11-08,760,1959280,2578,496,0.653,0.061,0.939,19.8,8.3,0.0,cloudy,7924,371,0.587,1,0,0,0,0,0
2024-11-09,1164,3317400,2850,702,0.603,0.051,0.949,17.7,7.2,0.0,sunny,14261,427,0.566,1,0,0,0,1,0
2024-11-10,1068,2634756,2467,726,0.68,0.073,0.927,18.1,5.7,0.0,sunny,13137,234,0.378,10,0,0,0,1,0
2024-11-11,667,1560113,2339,430,0.645,0.053,0.947,16.3,5.4,0.0,sunny,8866,353,0.567,1,0,0,0,0,0
2024-11-12,720,1728720,2401,414,0.576,0.049,0.951,16.6,5.7,0.0,sunny,7839,240,0.717,1,0,0,0,0,0
2024-11-13,699,1814604,2596,418,0.598,0.056,0.944,15.3,7.2,0.0,cloudy,9482,273,0.653,1,0,0,0,0,0
2024-11-14,623,1541302,2474,387,0.622,0.047,0.953,17.7,4.7,0.0,sunny,8486,362,0.498,1,0,0,0,0,0
2024-11-15,883,2191606,2482,608,0.689,0.032,0.968,14.2,6.7,0.0,sunny,10917,375,0.371,5,0,0,0,0,0
2024-11-16,1163,3162197,2719,771,0.663,0.048,0.952,17.0,4.0,0.0,cloudy,14918,391,0.47,1,0,0,0,1,0
2024-11-17,1018,2800518,2751,625,0.614,0.047,0.953,15.4,5.4,0.0,sunny,14855,277,0.462,1,0,0,0,1,0
2024-11-18,777,1940946,2498,474,0.611,0.034,0.966,17.3,5.7,0.0,cloudy,8600,193,0.609,1,0,0,0,0,0
2024-11-19,632,1515536,2398,375,0.594,0.049,0.951,16.5,9.0,0.0,sunny,7832,276,0.333,1,0,0,0,0,0
2024-11-20,607,1538138,2534,382,0.63,0.029,0.971,17.9,3.1,0.0,sunny,7535,206,0.514,1,0,0,0,0,0
2024-11-21,584,1443064,2471,357,0.611,0.047,0.953,16.1,7.2,12.3,rain,7987,330,0.514,1,0,0,0,0,0
2024-11-22,830,2050100,2470,508,0.612,0.052,0.948,12.5,5.1,0.0,cloudy,11240,544,0.551,1,0,0,0,0,0
2024-11-23,1266,3238428,2558,781,0.617,0.051,0.949,14.6,5.3,0.0,sunny,18868,465,0.622,1,0,0,1,1,0
2024-11-24,1180,3240280,2746,751,0.637,0.046,0.954,12.8,4.7,0.0,cloudy,19572,396,0.419,1,0,0,0,1,1
2024-11-25,954,2487078,2607,623,0.653,0.049,0.951,13.6,5.1,0.0,sunny,10699,252,0.422,5,0,0,0,0,1
2024-11-26,745,1958605,2629,445,0.597,0.042,0.958,16.5,4.0,0.0,cloudy,8881,260,0.665,1,0,0,0,0,1
2024-11-27,850,2266950,2667,538,0.633,0.05,0.95,15.1,6.3,0.0,sunny,8950,309,0.558,1,0,0,0,0,0
2024-11-28,706,1805242,2557,374,0.529,0.051,0.949,12.9,3.3,0.0,sunny,8464,275,0.558,1,0,0,0,0,0
2024-11-29,688,1676656,2437,414,0.602,0.041,0.959,12.3,5.5,34.2,rain,8209,560,0.311,1,0,0,0,0,1
2024-11-30,1278,3529836,2762,748,0.585,0.053,0.947,13.7,2.7,0.0,cloudy,16760,458,0.558,1,0,0,0,1,1
2024-12-01,866,2591938,2993,568,0.656,0.083,0.917,11.7,3.4,37.1,rain,8328,218,0.308,1,1,0,0,1,0
2024-12-02,528,1491600,2825,320,0.607,0.048,0.952,12.4,1.8,14.7,rain,5732,320,0.495,1,0,0,0,0,0
2024-12-03,653,1657967,2539,394,0.603,0.074,0.926,13.7,3.9,0.0,cloudy,10571,276,0.768,1,0,0,0,0,0
2024-12-04,925,2392975,2587,572,0.619,0.049,0.951,14.9,5.3,0.0,cloudy,9936,272,0.589,1,0,0,0,0,0
2024-12-05,822,2147064,2612,536,0.652,0.047,0.953,13.9,2.9,0.0,cloudy,9810,307,0.499,5,0,0,0,0,0
2024-12-06,828,2060064,2488,503,0.608,0.046,0.954,9.4,2.6,4.1,rain,11535,643,0.347,1,0,0,0,0,0
2024-12-07,1655,4777985,2887,1031,0.623,0.07,0.93,13.2,1.1,0.0,sunny,16626,409,0.415,1,1,0,0,1,0
2024-12-08,944,2514816,2664,573,0.607,0.057,0.943,12.7,2.3,20.2,rain,10090,457,0.754,1,0,0,0,1,0
2024-12-09,1024,2626560,2565,622,0.607,0.043,0.957,13.1,0.1,0.0,cloudy,11071,325,0.679,1,0,1,0,0,0
2024-12-10,821,2236404,2724,525,0.64,0.044,0.956,14.8,1.0,1.8,rain,9397,272,0.52,10,0,0,0,0,0
2024-12-11,779,1977881,2539,456,0.585,0.045,0.955,9.2,2.6,0.0,cloudy,9999,293,0.602,1,0,0,0,0,0
2024-12-12,698,1704516,2442,434,0.622,0.04,0.96,11.3,4.1,0.0,sunny,10801,534,0.669,1,0,0,0,0,0
2024-12-13,1157,2845063,2459,728,0.629,0.032,0.968,12.9,6.2,0.0,cloudy,13140,723,0.713,1,0,0,0,0,0
2024-12-14,1233,3022083,2451,712,0.577,0.045,0.955,9.6,1.0,0.0,sunny,15952,487,0.751,1,0,0,0,1,0
2024-12-15,1442,4685058,3249,999,0.693,0.089,0.911,14.0,4.0,0.0,sunny,17209,333,0.556,5,1,0,0,1,0
2024-12-16,797,1938304,2432,512,0.643,0.052,0.948,12.3,2.1,0.0,sunny,9489,256,0.5,1,0,0,0,0,0
2024-12-17,781,2047001,2621,507,0.649,0.066,0.934,12.9,1.4,0.0,sunny,9837,306,0.504,1,0,0,0,0,0
2024-12-18,749,1898715,2535,471,0.629,0.058,0.942,10.7,2.2,0.0,cloudy,9927,296,0.583,1,0,0,0,0,0
2024-12-19,899,2281662,2538,575,0.639,0.055,0.945,12.6,1.5,0.0,cloudy,9539,458,0.565,1,0,0,0,0,0
2024-12-20,1039,2581915,2485,712,0.686,0.069,0.931,12.9,1.5,0.0,cloudy,11367,477,0.721,1,0,0,0,0,0
2024-12-21,1417,3573674,2522,866,0.611,0.049,0.951,11.6,0.6,0.0,sunny,15142,458,0.585,1,0,1,0,1,0
2024-12-22,1088,2717824,2498,640,0.589,0.051,0.949,11.5,-0.9,0.0,sunny,13504,323,0.642,1,0,0,0,1,0
2024-12-23,883,2398228,2716,507,0.574,0.05,0.95,11.5,-1.2,0.0,cloudy,8225,266,0.464,1,0,0,0,0,0
2024-12-24,769,1933266,2514,517,0.673,0.065,0.935,9.7,2.0,0.0,cloudy,9526,333,0.592,1,0,0,0,0,1
2024-12-25,1007,2739040,2720,728,0.723,0.05,0.95,10.7,0.5,0.0,cloudy,10873,316,0.492,5,0,0,0,0,1
2024-12-26,1003,2681019,2673,594,0.592,0.044,0.956,10.6,-0.0,0.0,sunny,12370,322,0.582,1,0,0,0,0,1
2024-12-27,963,2358387,2449,576,0.598,0.056,0.944,11.3,0.8,0.0,sunny,12269,423,0.605,1,0,0,0,0,0
2024-12-28,1294,3469214,2681,790,0.61,0.042,0.958,12.2,1.9,0.0,sunny,11163,530,0.554,1,0,0,0,1,0
2024-12-29,949,2496819,2631,623,0.657,0.055,0.945,9.1,0.9,0.0,sunny,16105,283,0.743,1,0,0,0,1,1
2024-12-30,818,1926390,2355,476,0.581,0.054,0.946,10.4,-0.4,0.0,cloudy,9789,324,0.664,1,0,0,0,0,1
2024-12-31,859,2127743,2477,482,0.561,0.048,0.952,12.7,2.4,0.0,sunny,10415,273,0.644,1,0,0,0,0,1
2025-01-01,739,1901447,2573,506,0.685,0.056,0.944,9.4,2.9,0.0,sunny,8666,172,0.611,1,0,0,1,0,0
2025-01-02,530,1292140,2438,334,0.629,0.035,0.965,9.2,1.2,0.0,cloudy,7110,290,0.691,1,0,0,0,0,0
2025-01-03,703,1728677,2459,445,0.634,0.052,0.948,10.7,1.9,0.0,sunny,8883,339,0.435,1,0,0,0,0,0
2025-01-04,943,2734700,2900,579,0.614,0.075,0.925,11.6,2.2,0.0,cloudy,11722,443,0.66,1,1,0,0,1,0
2025-01-05,1112,3688504,3317,761,0.684,0.109,0.891,10.3,2.0,0.0,sunny,11970,204,0.471,5,1,0,0,1,0
2025-01-06,512,1162752,2271,294,0.575,0.052,0.948,12.3,1.2,0.0,sunny,7353,207,0.505,1,0,0,0,0,0
2025-01-07,596,1527548,2563,354,0.595,0.044,0.956,11.5,1.1,0.0,sunny,7650,173,0.595,1,0,0,0,0,0
2025-01-08,619,1527692,2468,386,0.623,0.036,0.964,11.4,1.0,0.0,sunny,7817,227,0.649,1,0,0,0,0,0
2025-01-09,576,1393920,2420,318,0.552,0.063,0.937,11.0,-1.5,0.0,cloudy,7942,397,0.458,1,0,0,0,0,0
2025-01-10,962,2442518,2539,636,0.661,0.046,0.954,13.6,1.2,0.0,sunny,7686,321,0.509,10,0,1,0,0,0
2025-01-11,959,2601767,2713,584,0.609,0.042,0.958,9.8,-1.9,0.0,sunny,12910,288,0.558,1,0,0,0,1,0
2025-01-12,860,2339200,2720,525,0.611,0.053,0.947,7.1,-1.1,0.0,sunny,9855,299,0.535,1,0,0,0,1,0
2025-01-13,685,1728255,2523,413,0.603,0.056,0.944,12.5,2.0,0.0,sunny,9983,219,0.618,1,0,0,1,0,0
2025-01-14,568,1497816,2637,335,0.59,0.056,0.944,9.3,1.3,0.0,cloudy,6142,144,0.825,1,0,0,0,0,0
2025-01-15,534,1462092,2738,329,0.615,0.05,0.95,10.2,2.3,0.0,sunny,6277,297,0.584,5,0,0,0,0,0
2025-01-16,531,1381662,2602,332,0.624,0.052,0.948,12.0,-0.4,0.0,sunny,9114,287,0.491,1,0,0,0,0,0
2025-01-17,703,1709696,2432,430,0.611,0.052,0.948,7.6,-1.7,0.0,cloudy,8020,383,0.446,1,0,0,0,0,0
2025-01-18,910,2447900,2690,527,0.579,0.053,0.947,8.1,-0.4,0.0,cloudy,12876,308,0.524,1,0,0,0,1,0
2025-01-19,855,2300805,2691,532,0.622,0.054,0.946,7.6,0.2,0.0,sunny,10614,157,0.475,1,0,0,0,1,0
2025-01-20,553,1326094,2398,338,0.611,0.061,0.939,8.8,0.1,0.0,sunny,6939,160,0.587,1,0,0,0,0,0
2025-01-21,439,1011456,2304,266,0.606,0.051,0.949,10.7,1.7,15.3,rain,4829,183,0.436,1,0,0,0,0,0
2025-01-22,539,1211133,2247,299,0.555,0.042,0.958,10.8,-0.5,4.1,rain,5796,246,0.513,1,0,0,0,0,0
2025-01-23,616,1545544,2509,395,0.64,0.049,0.951,10.4,0.6,0.0,sunny,7560,301,0.709,1,0,0,0,0,0
2025-01-24,840,2131080,2537,490,0.583,0.058,0.942,7.9,-1.4,0.0,cloudy,9240,438,0.491,1,0,0,0,0,1
2025-01-25,1207,3065780,2540,811,0.672,0.032,0.968,6.6,0.7,0.0,sunny,12777,333,0.54,5,0,0,0,1,1
2025-01-26,1044,2883528,2762,622,0.596,0.032,0.968,10.2,0.1,0.0,cloudy,13703,250,0.601,1,0,0,0,1,1
2025-01-27,610,1536590,2519,371,0.608,0.059,0.941,9.4,-1.0,0.0,sunny,7579,130,0.621,1,0,0,0,0,0
2025-01-28,442,1179698,2669,289,0.655,0.065,0.935,10.8,-0.2,13.0,rain,4476,341,0.502,1,0,0,0,0,0
2025-01-29,594,1512324,2546,378,0.636,0.037,0.963,11.2,-0.1,0.0,sunny,9236,306,0.584,1,0,0,0,0,1
2025-01-30,535,1266345,2367,350,0.654,0.051,0.949,10.4,-0.2,6.8,rain,7632,407,0.634,1,0,0,0,0,1
2025-01-31,868,2219476,2557,547,0.63,0.046,0.954,11.4,2.9,0.0,cloudy,10317,567,0.497,1,0,0,0,0,1
2025-02-01,1251,3781773,3023,790,0.632,0.077,0.923,10.6,0.1,0.0,sunny,13111,325,0.623,1,1,1,0,1,0
2025-02-02,912,2594640,2845,517,0.567,0.083,0.917,11.1,-0.0,11.4,rain,8499,250,0.472,1,1,0,0,1,0
2025-02-03,569,1320080,2320,347,0.61,0.037,0.963,9.3,-2.8,3.8,rain,6127,212,0.671,1,0,0,0,0,0
2025-02-04,597,1500261,2513,366,0.613,0.039,0.961,10.2,-0.9,0.0,sunny,8499,119,0.417,1,0,0,0,0,0
2025-02-05,377,922142,2446,266,0.707,0.047,0.953,10.8,0.1,37.3,rain,4863,292,0.327,5,0,0,0,0,0
2025-02-06,635,1676400,2640,384,0.605,0.049,0.951,11.8,-0.5,0.0,sunny,7882,217,0.616,1,0,0,0,0,0
2025-02-07,448,1097152,2449,281,0.628,0.039,0.961,10.0,2.7,38.2,rain,5929,374,0.188,1,0,0,0,0,0
2025-02-08,1030,2936530,2851,646,0.627,0.058,0.942,11.4,0.4,0.0,cloudy,14011,299,0.589,1,0,0,0,1,0
2025-02-09,848,1989408,2346,555,0.655,0.046,0.954,10.3,2.7,0.0,sunny,10706,256,0.635,1,0,1,0,1,0
2025-02-10,767,1988064,2592,511,0.666,0.046,0.954,10.6,0.9,0.0,cloudy,6553,166,0.504,10,0,0,0,0,0
2025-02-11,546,1462734,2679,352,0.645,0.053,0.947,12.1,0.9,10.2,rain,6925,254,0.366,1,0,0,1,0,0
2025-02-12,578,1380842,2389,329,0.569,0.049,0.951,8.0,0.8,0.0,cloudy,8411,179,0.464,1,0,0,0,0,0
2025-02-13,669,1659120,2480,382,0.572,0.058,0.942,9.1,1.0,0.0,cloudy,8519,265,0.508,1,0,0,0,0,0
2025-02-14,688,1685600,2450,379,0.551,0.041,0.959,8.9,3.7,9.1,rain,7639,232,0.511,1,0,1,0,0,0
2025-02-15,627,1635216,2608,435,0.694,0.036,0.964,7.7,-2.3,27.6,rain,9098,278,0.345,5,0,0,0,1,0
2025-02-16,900,2391300,2657,576,0.64,0.047,0.953,10.3,-1.7,0.0,cloudy,12385,251,0.491,1,0,0,0,1,0
2025-02-17,578,1351364,2338,374,0.647,0.051,0.949,12.5,0.6,0.0,cloudy,7865,164,0.528,1,0,0,0,0,0
2025-02-18,406,1009316,2486,243,0.6,0.038,0.962,11.0,1.5,14.6,rain,5237,279,0.377,1,0,1,0,0,0
2025-02-19,667,1710188,2564,402,0.603,0.036,0.964,11.9,2.6,0.0,sunny,8151,209,0.7,1,0,0,0,0,0
2025-02-20,716,1770668,2473,441,0.616,0.052,0.948,13.3,2.4,0.0,cloudy,7714,275,0.518,1,0,0,0,0,0
2025-02-21,851,2021125,2375,564,0.663,0.042,0.958,13.7,1.2,0.0,cloudy,10328,252,0.578,1,0,0,0,0,0
2025-02-22,1093,3016680,2760,733,0.671,0.035,0.965,11.8,3.4,0.0,sunny,13508,310,0.504,1,0,0,0,1,0
2025-02-23,1227,3338667,2721,790,0.644,0.06,0.94,14.0,3.5,0.0,cloudy,12765,450,0.503,1,0,0,1,1,0
2025-02-24,927,2196990,2370,584,0.63,0.044,0.956,12.2,2.4,0.0,sunny,11595,368,0.414,1,0,0,1,0,1
2025-02-25,692,1666336,2408,491,0.71,0.061,0.939,10.9,3.6,0.0,cloudy,8556,280,0.424,5,0,0,0,0,1
2025-02-26,714,1700034,2381,437,0.612,0.05,0.95,11.4,2.7,0.0,cloudy,10162,235,0.453,1,0,0,0,0,1
2025-02-27,650,1669200,2568,395,0.608,0.053,0.947,10.2,1.6,0.0,cloudy,6762,307,0.565,1,0,1,0,0,0
2025-02-28,808,2047472,2534,498,0.616,0.048,0.952,11.2,3.6,0.0,sunny,9847,426,0.636,1,0,0,0,0,0
2025-03-01,1012,3077492,3041,598,0.591,0.053,0.947,12.1,2.8,12.4,rain,9616,424,0.257,1,1,0,0,1,0
2025-03-02,1215,3495555,2877,747,0.615,0.069,0.931,14.0,2.8,0.0,sunny,13756,271,0.506,1,1,0,0,1,0
2025-03-03,849,2024016,2384,498,0.586,0.049,0.951,15.5,5.1,0.0,cloudy,8700,209,0.441,1,0,0,0,0,0
2025-03-04,505,1320575,2615,329,0.651,0.054,0.946,11.0,-0.6,8.9,rain,7611,256,0.529,1,0,1,0,0,0
2025-03-05,740,1852960,2504,508,0.686,0.032,0.968,13.8,1.0,0.0,cloudy,8984,244,0.636,5,0,0,0,0,0
2025-03-06,636,1604628,2523,422,0.663,0.049,0.951,11.7,1.5,0.0,cloudy,8264,340,0.514,1,0,0,0,0,0
2025-03-07,844,1946264,2306,482,0.571,0.039,0.961,14.2,2.9,0.0,cloudy,11103,386,0.546,1,0,0,0,0,0
2025-03-08,1176,2998800,2550,796,0.677,0.052,0.948,13.4,3.2,0.0,sunny,13454,416,0.666,1,0,1,0,1,0
2025-03-09,1100,3032700,2757,630,0.573,0.05,0.95,11.0,1.5,0.0,cloudy,13447,294,0.587,1,0,0,0,1,0
2025-03-10,818,2031094,2483,519,0.634,0.057,0.943,15.3,2.4,0.0,sunny,7724,206,0.489,10,0,0,0,0,0
2025-03-11,532,1384264,2602,320,0.601,0.061,0.939,13.1,2.7,9.0,rain,6188,311,0.563,1,0,0,0,0,0
2025-03-12,665,1468985,2209,438,0.659,0.055,0.945,13.4,7.8,0.0,sunny,8963,282,0.484,1,0,0,0,0,0
2025-03-13,695,1688850,2430,436,0.627,0.059,0.941,12.7,7.0,0.0,cloudy,10007,393,0.584,1,0,1,0,0,0
2025-03-14,880,2181520,2479,539,0.613,0.046,0.954,13.5,3.8,0.0,sunny,8572,254,0.591,1,0,0,0,0,0
2025-03-15,901,2644435,2935,582,0.646,0.078,0.922,15.3,4.1,13.4,rain,12143,368,0.291,5,0,0,0,1,0
2025-03-16,1061,2622792,2472,614,0.579,0.038,0.962,14.5,3.0,0.0,sunny,13009,275,0.564,1,0,0,0,1,0
2025-03-17,758,1958672,2584,496,0.654,0.045,0.955,15.4,2.1,0.0,sunny,7402,362,0.541,1,0,0,0,0,0
2025-03-18,736,1937152,2632,474,0.644,0.059,0.941,15.6,4.9,0.0,sunny,6061,132,0.594,1,0,1,0,0,0
2025-03-19,490,1180900,2410,324,0.661,0.058,0.942,17.2,3.7,23.0,rain,5038,354,0.467,1,0,0,0,0,0
2025-03-20,843,2067879,2453,533,0.632,0.055,0.945,14.9,5.3,0.0,sunny,11671,410,0.588,1,0,0,1,0,0
2025-03-21,932,2346776,2518,504,0.541,0.057,0.943,13.4,3.2,0.0,cloudy,11147,403,0.526,1,0,0,0,0,0
2025-03-22,1159,2817529,2431,675,0.583,0.029,0.971,17.3,4.6,0.0,sunny,16197,396,0.625,1,0,0,0,1,0
2025-03-23,1147,2942055,2565,727,0.634,0.066,0.934,15.4,6.1,0.0,cloudy,12878,286,0.48,1,0,0,0,1,0
2025-03-24,795,2114700,2660,484,0.609,0.048,0.952,17.7,6.6,8.6,rain,8086,337,0.444,1,0,0,0,0,1
2025-03-25,863,2280046,2642,564,0.653,0.062,0.938,16.8,6.9,0.0,sunny,9885,394,0.294,5,0,0,0,0,1
2025-03-26,790,1959200,2480,464,0.587,0.03,0.97,16.2,4.4,0.0,cloudy,10675,204,0.544,1,0,0,0,0,1
2025-03-27,509,1279626,2514,330,0.648,0.053,0.947,17.1,7.9,26.1,rain,6513,440,0.334,1,0,0,0,0,0
2025-03-28,1002,2578146,2573,635,0.634,0.044,0.956,19.7,5.6,0.0,cloudy,11259,519,0.582,1,0,0,0,0,0
2025-03-29,1432,3903632,2726,909,0.635,0.056,0.944,20.1,7.9,0.0,cloudy,19948,435,0.392,1,0,0,0,1,1
2025-03-30,1254,3200208,2552,754,0.601,0.053,0.947,17.2,7.1,0.0,cloudy,15309,324,0.498,1,0,0,0,1,1
2025-03-31,931,2506252,2692,582,0.625,0.054,0.946,17.5,5.2,0.0,sunny,10222,232,0.588,1,0,0,0,0,1
2025-04-01,774,2062710,2665,449,0.58,0.039,0.961,19.1,7.0,0.0,sunny,8842,252,0.468,1,0,0,0,0,0
2025-04-02,612,1582020,2585,377,0.616,0.049,0.951,16.4,8.2,8.6,rain,8682,286,0.583,1,0,0,0,0,0
2025-04-03,715,1712425,2395,389,0.544,0.048,0.952,18.3,8.7,0.0,cloudy,9979,332,0.505,1,0,0,0,0,0
2025-04-04,1017,2412324,2372,583,0.573,0.055,0.945,18.0,7.8,0.0,sunny,11459,664,0.547,1,0,0,0,0,0
2025-04-05,1559,4600609,2951,1029,0.66,0.09,0.91,18.7,10.5,0.0,cloudy,17574,439,0.598,5,1,0,0,1,0
2025-04-06,1434,4207356,2934,991,0.691,0.082,0.918,17.1,9.9,0.0,sunny,17572,328,0.626,1,1,0,0,1,0
2025-04-07,792,1804968,2279,448,0.566,0.037,0.963,16.2,8.2,0.0,cloudy,10007,167,0.557,1,0,0,0,0,0
2025-04-08,416,1065792,2562,242,0.583,0.051,0.949,15.6,9.9,23.1,rain,6733,343,0.335,1,0,0,0,0,0
2025-04-09,784,2086224,2661,491,0.627,0.076,0.924,17.3,11.8,0.0,cloudy,10759,276,0.513,1,0,0,0,0,0
2025-04-10,811,2148339,2649,586,0.723,0.066,0.934,18.4,12.1,11.8,rain,7410,436,0.451,10,0,1,0,0,0
2025-04-11,1108,2675820,2415,694,0.626,0.02,0.98,18.9,7.5,0.0,cloudy,12688,527,0.468,1,0,0,0,0,0
2025-04-12,1379,3476459,2521,884,0.641,0.051,0.949,22.4,8.1,0.0,sunny,14554,507,0.536,1,0,0,0,1,0
2025-04-13,1048,2791872,2664,639,0.61,0.059,0.941,21.3,11.9,0.0,sunny,14889,311,0.519,1,0,0,0,1,0
2025-04-14,890,2208090,2481,538,0.605,0.048,0.952,18.4,8.3,0.0,sunny,9570,234,0.542,1,0,0,0,0,0
2025-04-15,856,2252992,2632,576,0.672,0.045,0.955,20.6,8.1,0.0,cloudy,9416,350,0.469,5,0,0,0,0,0
2025-04-16,742,1910650,2575,445,0.6,0.047,0.953,19.6,9.5,0.0,cloudy,9367,315,0.402,1,0,0,0,0,0
2025-04-17,804,2119344,2636,516,0.642,0.056,0.944,20.0,11.1,0.0,cloudy,10335,438,0.592,1,0,0,0,0,0
2025-04-18,1061,2501838,2358,607,0.572,0.039,0.961,20.9,10.5,0.0,cloudy,13740,508,0.627,1,0,0,0,0,0
2025-04-19,1286,3413044,2654,832,0.647,0.062,0.938,21.7,9.8,4.8,rain,15166,499,0.407,1,0,0,0,1,0
2025-04-20,1454,4175888,2872,903,0.621,0.079,0.921,20.5,10.0,0.0,cloudy,12549,327,0.58,1,1,0,0,1,0
2025-04-21,951,2366088,2488,583,0.614,0.041,0.959,22.8,10.1,0.0,cloudy,10052,327,0.756,1,0,0,0,0,0
2025-04-22,695,1812560,2608,397,0.571,0.061,0.939,19.7,10.1,0.0,cloudy,8426,298,0.598,1,0,0,0,0,0
2025-04-23,772,2024184,2622,456,0.591,0.035,0.965,21.6,15.0,0.0,sunny,10657,427,0.517,1,0,0,0,0,0
2025-04-24,853,2281775,2675,560,0.656,0.044,0.956,25.7,12.2,0.0,cloudy,13097,474,0.475,1,0,0,0,0,1
2025-04-25,1218,3203340,2630,808,0.664,0.044,0.956,22.3,13.3,0.0,sunny,15714,687,0.556,5,0,0,0,0,1
2025-04-26,1756,4584916,2611,1103,0.628,0.071,0.929,24.3,11.4,0.0,cloudy,18293,503,0.57,1,0,0,0,1,1
2025-04-27,1444,3742848,2592,857,0.594,0.043,0.957,22.5,12.0,0.0,sunny,16167,337,0.558,1,0,0,0,1,0
2025-04-28,877,2002191,2283,543,0.619,0.028,0.972,23.4,11.4,0.0,sunny,10275,524,0.536,1,0,0,0,0,0
2025-04-29,1213,3235071,2667,702,0.579,0.044,0.956,22.6,8.7,0.0,cloudy,13425,378,0.627,1,0,0,1,0,1
2025-04-30,959,2359140,2460,597,0.623,0.055,0.945,22.6,10.8,0.0,cloudy,13080,392,0.584,1,0,0,0,0,1
2025-05-01,916,2347708,2563,578,0.631,0.058,0.942,21.9,10.4,0.0,cloudy,11988,402,0.588,1,0,0,0,0,0
2025-05-02,964,2491940,2585,607,0.63,0.073,0.927,23.9,9.9,0.0,cloudy,14808,867,0.566,1,0,0,0,0,0
2025-05-03,2055,5636865,2743,1218,0.593,0.094,0.906,22.2,11.6,0.0,cloudy,20601,514,0.559,1,1,0,1,1,0
2025-05-04,1499,4182210,2790,914,0.61,0.082,0.918,24.6,15.6,17.2,rain,14646,416,0.534,1,1,1,1,1,0
2025-05-05,1009,2798966,2774,692,0.686,0.041,0.959,25.4,13.7,7.9,rain,10885,523,0.5,5,0,1,1,0,0
2025-05-06,1049,2660264,2536,644,0.614,0.066,0.934,24.5,15.9,0.0,cloudy,13758,389,0.653,1,0,0,1,0,0
2025-05-07,880,2135760,2427,538,0.611,0.046,0.954,23.7,14.8,0.0,sunny,10187,247,0.491,1,0,0,0,0,0
2025-05-08,664,1649376,2484,450,0.677,0.043,0.957,25.0,15.5,13.7,rain,7953,424,0.489,1,0,0,0,0,0
2025-05-09,1048,2762528,2636,620,0.591,0.046,0.954,24.1,13.2,0.0,sunny,10386,549,0.649,1,0,0,0,0,0
2025-05-10,1644,4645944,2826,1155,0.702,0.037,0.963,26.1,15.5,0.0,cloudy,17093,474,0.527,10,0,0,0,1,0
2025-05-11,1352,3289416,2433,791,0.585,0.045,0.955,22.1,16.0,0.0,sunny,16364,347,0.683,1,0,0,0,1,0
2025-05-12,1006,2720224,2704,643,0.64,0.048,0.952,24.6,14.2,0.0,sunny,10602,355,0.588,1,0,0,0,0,0
2025-05-13,831,2178051,2621,533,0.641,0.057,0.943,22.3,16.1,0.0,cloudy,12322,486,0.48,1,0,0,0,0,0
2025-05-14,959,2379279,2481,580,0.605,0.046,0.954,23.2,16.3,0.0,cloudy,10017,296,0.732,1,0,0,0,0,0
2025-05-15,1047,2535834,2422,663,0.633,0.037,0.963,27.6,14.8,0.0,cloudy,10526,470,0.641,5,0,0,0,0,0
2025-05-16,1050,2763600,2632,589,0.561,0.034,0.966,27.1,14.1,0.0,sunny,12420,648,0.624,1,0,0,0,0,0
2025-05-17,1589,4759055,2995,956,0.602,0.082,0.918,24.8,14.2,0.0,sunny,16931,453,0.465,1,1,0,0,1,0
2025-05-18,1442,3509828,2434,917,0.636,0.051,0.949,23.8,16.2,0.0,sunny,18093,275,0.539,1,0,1,0,1,0
2025-05-19,656,1620976,2471,386,0.588,0.044,0.956,21.8,16.8,27.5,rain,8348,394,0.416,1,0,0,0,0,0
2025-05-20,884,2555644,2891,551,0.623,0.045,0.955,25.6,15.2,0.0,sunny,9789,353,0.509,1,0,0,0,0,0
2025-05-21,900,2251800,2502,518,0.576,0.054,0.946,30.2,16.6,0.0,cloudy,9728,255,0.739,1,0,1,0,0,0
2025-05-22,553,1331071,2407,339,0.613,0.064,0.936,27.4,17.6,29.3,rain,6487,309,0.419,1,0,0,0,0,0
2025-05-23,736,1747264,2374,431,0.586,0.042,0.958,26.1,17.8,28.3,rain,10205,741,0.395,1,0,0,0,0,0
2025-05-24,1776,5075808,2858,1097,0.618,0.051,0.949,27.8,19.4,0.0,cloudy,22729,443,0.645,1,0,0,0,1,1
2025-05-25,973,2738022,2814,637,0.655,0.06,0.94,24.9,19.1,16.9,rain,12430,308,0.371,5,0,0,0,1,1
2025-05-26,1007,2694732,2676,588,0.584,0.042,0.958,26.9,15.9,0.0,cloudy,11020,329,0.631,1,0,0,0,0,1
2025-05-27,656,1660336,2531,394,0.6,0.05,0.95,27.7,20.1,12.7,rain,6785,396,0.267,1,0,1,0,0,0
2025-05-28,865,2298305,2657,512,0.592,0.05,0.95,27.6,16.9,0.0,sunny,11038,366,0.514,1,0,0,0,0,0
2025-05-29,1074,2571156,2394,624,0.581,0.037,0.963,29.0,19.4,0.0,cloudy,13599,400,0.634,1,0,0,0,0,1
2025-05-30,1302,3281040,2520,850,0.652,0.052,0.948,28.5,18.1,0.0,cloudy,12525,656,0.676,1,0,0,0,0,1
2025-05-31,1676,4463188,2663,1021,0.609,0.05,0.95,29.1,17.5,0.0,cloudy,19681,412,0.488,1,0,0,0,1,1
2025-06-01,1067,3336509,3127,591,0.554,0.086,0.914,27.2,15.6,14.2,rain,13638,344,0.329,1,1,0,0,1,0
2025-06-02,772,1960880,2540,464,0.601,0.038,0.962,29.8,18.2,0.0,sunny,10675,284,0.595,1,0,0,0,0,0
2025-06-03,695,1683290,2422,450,0.647,0.05,0.95,31.0,16.2,8.1,rain,9796,301,0.5,1,0,0,0,0,0
2025-06-04,845,2119260,2508,505,0.597,0.064,0.936,27.2,20.1,0.0,cloudy,11667,279,0.529,1,0,0,0,0,0
2025-06-05,1009,2380231,2359,721,0.715,0.071,0.929,27.5,21.1,3.9,rain,9399,398,0.62,5,0,0,0,0,0
2025-06-06,1136,2510560,2210,675,0.594,0.063,0.937,31.0,17.8,3.3,rain,12181,390,0.506,1,0,0,0,0,0
2025-06-07,1289,3927583,3047,819,0.635,0.068,0.932,28.8,19.5,35.8,rain,11440,591,0.243,1,1,0,0,1,0
2025-06-08,1440,4132800,2870,938,0.651,0.085,0.915,31.3,18.1,0.0,sunny,14292,186,0.446,1,1,0,0,1,0
2025-06-09,648,1598616,2467,411,0.634,0.045,0.955,28.7,18.4,19.8,rain,6509,377,0.401,1,0,1,0,0,0
2025-06-10,1109,2974338,2682,697,0.629,0.053,0.947,31.6,20.6,0.0,cloudy,11675,347,0.401,10,0,1,0,0,0
2025-06-11,880,2354000,2675,521,0.592,0.042,0.958,29.8,19.5,4.6,rain,8790,375,0.526,1,0,0,0,0,0
2025-06-12,894,2294898,2567,586,0.655,0.033,0.967,30.1,22.3,0.0,sunny,12391,352,0.439,1,0,0,0,0,0
2025-06-13,1158,3174078,2741,690,0.596,0.047,0.953,32.2,19.1,0.0,sunny,12709,289,0.681,1,0,0,0,0,0
2025-06-14,936,2518776,2691,608,0.649,0.057,0.943,29.4,21.4,17.1,rain,11666,520,0.573,1,0,0,0,1,0
2025-06-15,1396,3826436,2741,917,0.657,0.053,0.947,28.6,20.2,0.0,sunny,17235,249,0.465,5,0,0,0,1,0
2025-06-16,546,1381380,2530,341,0.624,0.054,0.946,29.5,21.3,15.3,rain,7194,242,0.421,1,0,0,0,0,0
2025-06-17,636,1487604,2339,368,0.578,0.052,0.948,30.9,19.6,12.9,rain,8039,197,0.323,1,0,0,0,0,0
2025-06-18,559,1464021,2619,336,0.602,0.054,0.946,28.0,20.3,26.0,rain,5659,346,0.375,1,0,0,0,0,0
2025-06-19,911,1998734,2194,541,0.594,0.055,0.945,31.4,20.3,0.0,cloudy,11519,504,0.694,1,0,0,0,0,0
2025-06-20,1114,2703678,2427,698,0.627,0.047,0.953,29.7,19.3,0.0,sunny,10316,424,0.513,1,0,0,0,0,0
2025-06-21,1111,2919708,2628,692,0.623,0.051,0.949,32.4,21.6,10.1,rain,13402,457,0.377,1,0,0,0,1,0
2025-06-22,1610,4522490,2809,1021,0.634,0.097,0.903,27.1,21.7,0.0,cloudy,17958,341,0.475,1,1,0,0,1,0
2025-06-23,930,2272920,2444,563,0.605,0.051,0.949,29.6,21.7,0.0,cloudy,11703,309,0.642,1,0,0,0,0,0
2025-06-24,621,1695330,2730,368,0.592,0.05,0.95,28.4,23.2,17.8,rain,6850,317,0.139,1,0,0,0,0,1
2025-06-25,942,2559414,2717,636,0.675,0.051,0.949,29.7,23.1,0.0,sunny,10924,382,0.515,5,0,0,0,0,1
2025-06-26,1055,2546770,2414,622,0.589,0.048,0.952,31.4,20.5,0.0,cloudy,11807,391,0.546,1,0,0,0,0,1
2025-06-27,1019,2487379,2441,665,0.652,0.046,0.954,30.9,21.7,0.0,sunny,13750,532,0.497,1,0,0,0,0,0
2025-06-28,1270,3120390,2457,783,0.617,0.052,0.948,30.8,20.3,0.0,cloudy,13937,511,0.619,1,0,0,0,1,0
2025-06-29,1229,3340422,2718,750,0.61,0.045,0.955,31.0,21.3,4.7,rain,16524,423,0.646,1,0,0,0,1,1
2025-06-30,982,2424558,2469,622,0.634,0.049,0.951,31.6,20.4,1.3,rain,12412,314,0.437,1,0,0,0,0,1
2025-07-01,822,1852788,2254,508,0.618,0.042,0.958,29.9,23.8,0.0,cloudy,10053,241,0.717,1,0,0,0,0,0
2025-07-02,459,1153467,2513,262,0.57,0.051,0.949,32.5,22.0,23.0,rain,7104,224,0.286,1,0,0,0,0,0
2025-07-03,593,1515115,2555,349,0.588,0.056,0.944,32.5,21.2,31.9,rain,7211,395,0.503,1,0,1,0,0,0
2025-07-04,1203,3151860,2620,784,0.652,0.048,0.952,32.1,23.4,0.0,sunny,12547,391,0.562,1,0,0,0,0,0
2025-07-05,1122,3353658,2989,755,0.673,0.06,0.94,32.5,18.4,27.8,rain,8953,416,0.36,5,1,0,0,1,0
2025-07-06,1506,4322220,2870,858,0.57,0.086,0.914,32.1,18.6,0.0,sunny,15822,322,0.517,1,1,0,0,1,0
2025-07-07,884,2429232,2748,557,0.631,0.051,0.949,34.8,22.9,0.0,sunny,9321,278,0.547,1,0,0,0,0,0
2025-07-08,599,1498099,2501,361,0.603,0.04,0.96,31.6,21.8,19.9,rain,6185,352,0.417,1,0,1,0,0,0
2025-07-09,942,2439780,2590,559,0.594,0.058,0.942,31.3,22.2,0.0,cloudy,10987,432,0.476,1,0,0,0,0,0
2025-07-10,842,2110052,2506,535,0.636,0.036,0.964,30.7,19.8,0.0,cloudy,12592,379,0.531,10,0,0,0,0,0
2025-07-11,1209,3126474,2586,786,0.65,0.06,0.94,30.3,21.8,0.0,sunny,13425,329,0.488,1,0,0,0,0,0
2025-07-12,950,2312300,2434,533,0.561,0.049,0.951,30.0,24.9,26.2,rain,11998,354,0.303,1,0,0,0,1,0
2025-07-13,963,2469132,2564,573,0.595,0.027,0.973,30.6,23.1,19.4,rain,8785,414,0.335,1,0,0,0,1,0
2025-07-14,802,1883898,2349,500,0.624,0.052,0.948,31.8,22.2,0.0,cloudy,10869,314,0.458,1,0,0,0,0,0
2025-07-15,601,1500697,2497,431,0.717,0.046,0.954,32.5,21.3,9.3,rain,8030,426,0.516,5,0,0,0,0,0
2025-07-16,885,2350560,2656,563,0.637,0.044,0.956,32.0,21.4,0.0,sunny,11923,251,0.726,1,0,0,0,0,0
2025-07-17,652,1579796,2423,388,0.595,0.043,0.957,30.8,18.8,14.8,rain,7284,272,0.41,1,0,1,0,0,0
2025-07-18,736,1906240,2590,490,0.666,0.049,0.951,33.3,22.4,24.4,rain,8187,456,0.558,1,0,0,0,0,0
2025-07-19,1474,4162576,2824,854,0.579,0.045,0.955,33.1,23.3,0.0,sunny,18501,443,0.373,1,0,0,0,1,0
2025-07-20,1499,4378579,2921,941,0.628,0.061,0.939,31.8,19.6,0.0,sunny,15308,331,0.588,1,1,0,0,1,0
2025-07-21,1044,2739456,2624,663,0.635,0.063,0.937,31.0,21.0,0.0,cloudy,11804,193,0.551,1,0,0,1,0,0
2025-07-22,528,1354848,2566,313,0.594,0.048,0.952,32.8,20.3,23.1,rain,7998,347,0.465,1,0,0,0,0,0
2025-07-23,847,2130205,2515,543,0.641,0.043,0.957,32.3,20.5,0.0,cloudy,9307,295,0.723,1,0,0,0,0,0
2025-07-24,984,2552496,2594,595,0.605,0.039,0.961,29.8,22.1,0.0,sunny,12522,371,0.537,1,0,0,0,0,1
2025-07-25,1066,2997592,2812,736,0.691,0.058,0.942,31.9,18.8,10.8,rain,12128,407,0.414,5,0,0,0,0,1
2025-07-26,1239,3148299,2541,700,0.565,0.037,0.963,32.3,22.9,13.0,rain,14614,383,0.34,1,0,0,0,1,1
2025-07-27,1335,3336165,2499,841,0.63,0.051,0.949,30.6,23.1,0.0,sunny,15217,231,0.599,1,0,0,0,1,0
2025-07-28,645,1530585,2373,392,0.608,0.044,0.956,32.2,21.5,10.6,rain,8013,330,0.25,1,0,0,0,0,0
2025-07-29,787,2065088,2624,515,0.654,0.045,0.955,29.7,18.2,0.0,sunny,11294,310,0.612,1,0,0,0,0,1
2025-07-30,901,2379541,2641,557,0.619,0.039,0.961,33.9,20.4,0.0,cloudy,10107,264,0.548,1,0,0,0,0,1
2025-07-31,586,1425738,2433,385,0.657,0.044,0.956,33.7,23.7,22.9,rain,9400,277,0.361,1,0,0,0,0,1
2025-08-01,1025,2288825,2233,651,0.635,0.05,0.95,31.4,17.6,0.0,cloudy,12644,352,0.531,1,0,0,0,0,0
2025-08-02,1275,3603150,2826,786,0.616,0.082,0.918,32.3,21.2,11.1,rain,13627,599,0.387,1,1,1,0,1,0
2025-08-03,1594,4789970,3005,1026,0.644,0.072,0.928,28.1,19.9,0.0,sunny,15206,328,0.654,1,1,0,0,1,0
2025-08-04,798,1988616,2492,514,0.644,0.049,0.951,29.9,22.9,0.0,sunny,10139,329,0.809,1,0,0,0,0,0
2025-08-05,754,1958892,2598,516,0.684,0.059,0.941,31.2,20.6,0.0,sunny,9317,245,0.648,5,0,0,0,0,0
2025-08-06,772,1879820,2435,426,0.551,0.033,0.967,29.9,22.2,6.6,rain,7509,268,0.505,1,0,0,0,0,0
2025-08-07,772,2028044,2627,456,0.591,0.05,0.95,32.6,22.3,0.0,sunny,10183,369,0.6,1,0,0,0,0,0
2025-08-08,985,2504855,2543,652,0.662,0.04,0.96,34.4,24.2,0.0,sunny,11806,471,0.604,1,0,0,0,0,0
2025-08-09,1436,3880072,2702,836,0.582,0.039,0.961,29.6,21.1,0.0,sunny,18793,776,0.476,1,0,0,0,1,0
2025-08-10,1785,5397840,3024,1243,0.696,0.083,0.917,30.1,21.9,0.0,cloudy,13379,363,0.449,10,1,0,0,1,0
2025-08-11,1073,2753318,2566,688,0.641,0.045,0.955,31.6,19.0,0.0,cloudy,11968,278,0.545,1,0,0,1,0,0
2025-08-12,764,1953548,2557,457,0.598,0.038,0.962,33.6,23.0,0.0,sunny,8509,418,0.615,1,0,0,0,0,0
2025-08-13,853,2033552,2384,478,0.56,0.063,0.937,29.3,20.0,0.0,cloudy,11619,301,0.421,1,0,0,0,0,0
2025-08-14,907,2310129,2547,547,0.603,0.059,0.941,31.4,20.2,0.0,sunny,9444,421,0.492,1,0,0,0,0,0
2025-08-15,1067,2856359,2677,781,0.732,0.031,0.969,33.7,20.9,0.0,sunny,12908,673,0.596,5,0,0,0,0,0
2025-08-16,1426,4412044,3094,847,0.594,0.065,0.935,28.4,18.5,0.0,sunny,18395,505,0.553,1,1,0,0,1,0
2025-08-17,1167,3127560,2680,696,0.596,0.056,0.944,28.9,21.1,0.0,cloudy,14933,319,0.663,1,0,0,0,1,0
2025-08-18,854,2031666,2379,504,0.59,0.047,0.953,30.1,22.1,0.0,sunny,8775,264,0.437,1,0,0,0,0,0
2025-08-19,653,1566547,2399,429,0.656,0.065,0.935,29.8,21.0,5.6,rain,7377,296,0.738,1,0,0,0,0,0
2025-08-20,866,2118236,2446,531,0.613,0.056,0.944,31.7,18.1,0.0,cloudy,10555,183,0.427,1,0,0,0,0,0
2025-08-21,530,1337720,2524,319,0.601,0.053,0.947,30.8,20.2,43.7,rain,5820,405,0.238,1,0,0,0,0,0
2025-08-22,1035,2571975,2485,686,0.662,0.04,0.96,27.6,21.4,0.0,cloudy,13362,627,0.545,1,0,0,0,0,0
2025-08-23,1383,3427074,2478,882,0.637,0.055,0.945,31.0,17.4,0.0,cloudy,16211,786,0.459,1,0,0,0,1,0
2025-08-24,1420,3517340,2477,841,0.592,0.037,0.963,29.2,18.5,2.9,rain,17481,374,0.783,1,0,0,0,1,1
2025-08-25,967,2228935,2305,612,0.633,0.063,0.937,31.9,21.3,0.0,sunny,11792,371,0.544,5,0,0,0,0,1
2025-08-26,933,1968630,2110,611,0.655,0.054,0.946,28.9,20.3,0.0,sunny,9948,257,0.534,1,0,0,0,0,1
2025-08-27,708,1758672,2484,439,0.621,0.042,0.958,28.8,20.4,0.0,cloudy,8900,291,0.483,1,0,0,0,0,0
2025-08-28,792,2209680,2790,454,0.574,0.058,0.942,30.5,22.4,0.0,cloudy,10817,482,0.585,1,0,0,0,0,0
2025-08-29,1190,3242750,2725,674,0.567,0.072,0.928,30.7,20.2,0.0,sunny,13178,671,0.525,1,0,0,0,0,1
2025-08-30,1469,3668093,2497,862,0.587,0.048,0.952,30.1,20.4,0.0,cloudy,13254,454,0.638,1,0,0,0,1,1
2025-08-31,1511,3996595,2645,881,0.583,0.056,0.944,26.8,23.4,0.0,sunny,18236,178,0.536,1,0,0,0,1,1
2025-09-01,455,1054235,2317,254,0.559,0.046,0.954,30.0,18.8,22.1,rain,5724,378,0.323,1,0,0,0,0,0
2025-09-02,669,1562784,2336,393,0.587,0.051,0.949,27.5,17.8,0.0,sunny,9927,293,0.415,1,0,0,0,0,0
2025-09-03,811,1905850,2350,480,0.592,0.035,0.965,29.3,19.5,0.0,sunny,10966,399,0.536,1,0,0,0,0,0
2025-09-04,887,2192664,2472,538,0.606,0.05,0.95,26.6,19.4,2.9,rain,9698,417,0.448,1,0,1,0,0,0
2025-09-05,1065,2717880,2552,768,0.721,0.05,0.95,29.3,17.8,0.0,sunny,13393,438,0.442,5,0,0,0,0,0
2025-09-06,1157,3427034,2962,708,0.612,0.098,0.902,27.3,17.0,14.7,rain,11485,545,0.442,1,1,0,0,1,0
2025-09-07,1602,4841244,3022,985,0.615,0.062,0.938,26.4,21.8,0.0,cloudy,16963,247,0.408,1,1,1,0,1,0
2025-09-08,543,1334694,2458,345,0.635,0.047,0.953,29.3,18.7,14.6,rain,6140,240,0.513,1,0,0,0,0,0
2025-09-09,505,1265025,2505,310,0.613,0.063,0.937,28.4,17.0,14.8,rain,6486,207,0.413,1,0,0,0,0,0
2025-09-10,663,1613742,2434,452,0.682,0.048,0.952,27.0,19.3,13.4,rain,7526,180,0.396,10,0,0,0,0,0
2025-09-11,539,1256948,2332,339,0.628,0.048,0.952,30.0,17.6,27.6,rain,6221,339,0.317,1,0,0,0,0,0
2025-09-12,628,1452564,2313,392,0.624,0.042,0.958,27.0,17.3,17.7,rain,9115,300,0.62,1,0,0,0,0,0
2025-09-13,803,2176130,2710,565,0.703,0.041,0.959,27.5,18.3,43.6,rain,9744,315,0.4,1,0,0,0,1,0
2025-09-14,891,2299671,2581,577,0.647,0.032,0.968,27.7,15.4,10.1,rain,13672,411,0.345,1,0,0,0,1,0
2025-09-15,979,2284986,2334,624,0.638,0.044,0.956,26.2,17.7,4.0,rain,13604,269,0.566,5,0,0,1,0,0
2025-09-16,615,1532580,2492,388,0.631,0.04,0.96,27.7,19.9,7.7,rain,7903,209,0.415,1,0,0,0,0,0
2025-09-17,575,1347800,2344,343,0.596,0.051,0.949,26.1,17.6,10.6,rain,7891,199,0.269,1,0,0,0,0,0
2025-09-18,559,1513772,2708,354,0.633,0.042,0.958,26.1,16.1,46.1,rain,7195,208,0.31,1,0,0,0,0,0
2025-09-19,652,1583056,2428,377,0.579,0.045,0.955,28.6,15.8,14.0,rain,7464,263,0.428,1,0,0,0,0,0
2025-09-20,794,2154916,2714,466,0.587,0.045,0.955,24.8,15.8,28.3,rain,8804,352,0.4,1,0,0,0,1,0
2025-09-21,819,2266992,2768,516,0.63,0.05,0.95,22.6,15.8,9.4,rain,12973,235,0.634,1,0,0,0,1,0
2025-09-22,592,1409552,2381,385,0.65,0.045,0.955,28.4,15.5,8.5,rain,8002,280,0.476,1,0,0,0,0,0
2025-09-23,903,2266530,2510,573,0.635,0.039,0.961,29.7,17.2,0.0,sunny,10650,287,0.596,1,0,0,1,0,0
2025-09-24,878,2255582,2569,567,0.646,0.051,0.949,25.1,13.1,0.0,cloudy,10745,300,0.541,1,0,0,0,0,1
2025-09-25,993,2571870,2590,676,0.681,0.061,0.939,22.6,16.8,0.0,cloudy,8554,435,0.475,5,0,0,0,0,1
2025-09-26,1129,2873305,2545,706,0.625,0.051,0.949,24.9,14.8,0.0,cloudy,13328,323,0.581,1,0,0,0,0,1
2025-09-27,1399,3427550,2450,846,0.605,0.044,0.956,24.7,15.7,0.0,cloudy,14109,306,0.545,1,0,0,0,1,0
2025-09-28,912,2741472,3006,588,0.644,0.079,0.921,24.7,13.3,14.4,rain,10764,235,0.35,1,1,0,0,1,0
2025-09-29,770,1878030,2439,501,0.651,0.029,0.971,23.2,16.8,0.0,cloudy,11935,324,0.553,1,0,0,0,0,1
2025-09-30,753,1915632,2544,465,0.618,0.049,0.951,25.5,16.5,0.0,sunny,10741,200,0.54,1,0,0,0,0,1
2025-10-01,694,1814810,2615,428,0.616,0.046,0.954,25.3,15.9,0.0,cloudy,9483,288,0.538,1,0,0,0,0,0
2025-10-02,712,1839808,2584,475,0.668,0.041,0.959,22.0,12.0,0.0,sunny,8119,406,0.517,1,0,0,0,0,0
2025-10-03,876,2228544,2544,543,0.619,0.042,0.958,25.2,15.3,2.9,rain,11516,675,0.446,1,0,0,0,0,0
2025-10-04,1564,4721716,3019,973,0.622,0.076,0.924,27.0,14.5,0.0,sunny,15664,380,0.556,1,1,0,0,1,0
2025-10-05,1540,4778620,3103,1054,0.685,0.09,0.91,24.0,11.3,0.0,cloudy,15263,283,0.486,5,1,0,0,1,0
2025-10-06,747,2007189,2687,461,0.617,0.061,0.939,23.0,13.5,1.2,rain,10922,222,0.468,1,0,0,0,0,0
2025-10-07,800,1996800,2496,476,0.595,0.041,0.959,23.2,13.9,0.0,cloudy,7223,182,0.531,1,0,0,0,0,0
2025-10-08,576,1451520,2520,364,0.631,0.045,0.955,24.1,14.0,8.8,rain,7099,274,0.609,1,0,0,0,0,0
2025-10-09,658,1721986,2617,407,0.619,0.045,0.955,20.4,13.3,0.0,cloudy,8600,468,0.565,1,0,0,0,0,0
2025-10-10,1131,2841072,2512,820,0.725,0.058,0.942,23.1,13.2,0.0,sunny,11548,311,0.508,10,0,0,0,0,0
2025-10-11,663,1624350,2450,427,0.644,0.051,0.949,22.0,14.8,22.4,rain,9527,354,0.354,1,0,0,0,1,0
2025-10-12,1003,2698070,2690,604,0.602,0.051,0.949,25.2,14.3,0.0,cloudy,12924,342,0.601,1,0,0,0,1,0
2025-10-13,856,2117744,2474,549,0.642,0.055,0.945,22.0,8.0,4.3,rain,11379,169,0.358,1,0,0,1,0,0
2025-10-14,674,1583226,2349,424,0.629,0.044,0.956,24.6,11.6,0.0,sunny,7556,246,0.614,1,0,0,0,0,0
2025-10-15,729,1923831,2639,517,0.709,0.064,0.936,20.2,11.6,0.0,sunny,7811,241,0.4,5,0,0,0,0,0
2025-10-16,672,1800288,2679,406,0.604,0.05,0.95,22.6,9.1,0.0,cloudy,8222,337,0.437,1,0,0,0,0,0
2025-10-17,888,2038848,2296,556,0.626,0.041,0.959,22.0,11.6,0.0,sunny,10710,349,0.509,1,0,0,0,0,0
2025-10-18,1026,2830734,2759,633,0.617,0.048,0.952,20.0,13.2,11.0,rain,9736,260,0.574,1,0,1,0,1,0
2025-10-19,710,1627320,2292,441,0.622,0.062,0.938,21.4,9.5,21.0,rain,8411,200,0.534,1,0,0,0,1,0
2025-10-20,515,1261750,2450,306,0.593,0.046,0.954,22.7,11.4,15.1,rain,6086,201,0.457,1,0,1,0,0,0
2025-10-21,489,1334970,2730,312,0.637,0.059,0.941,20.3,9.4,11.5,rain,5882,249,0.429,1,0,0,0,0,0
2025-10-22,472,1160648,2459,299,0.633,0.044,0.956,18.0,9.5,19.8,rain,6226,178,0.481,1,0,0,0,0,0
2025-10-23,477,1197747,2511,314,0.659,0.042,0.958,20.3,12.6,19.3,rain,5771,299,0.413,1,0,0,0,0,0
2025-10-24,852,2210940,2595,528,0.62,0.057,0.943,18.8,9.4,7.9,rain,11507,353,0.506,1,0,0,0,0,1
2025-10-25,837,2065716,2468,550,0.658,0.041,0.959,19.5,10.7,17.4,rain,10255,492,0.335,5,0,0,0,1,1
2025-10-26,987,2599758,2634,635,0.644,0.058,0.942,19.7,7.0,0.0,sunny,14560,183,0.562,1,0,0,0,1,1
2025-10-27,548,1374384,2508,327,0.596,0.054,0.946,17.0,12.4,13.5,rain,5816,248,0.362,1,0,1,0,0,0
2025-10-28,626,1710858,2733,408,0.653,0.041,0.959,17.0,10.3,0.0,cloudy,7955,277,0.62,1,0,0,0,0,0
2025-10-29,660,1548360,2346,431,0.652,0.049,0.951,20.0,9.0,10.4,rain,8231,221,0.245,1,0,0,0,0,1
2025-10-30,669,1640388,2452,440,0.658,0.045,0.955,18.3,9.9,5.9,rain,8462,448,0.556,1,0,0,0,0,1
2025-10-31,876,2088384,2384,553,0.631,0.053,0.947,15.0,6.7,0.0,sunny,12368,405,0.48,1,0,0,0,0,1
2025-11-01,1367,3792058,2774,828,0.605,0.099,0.901,19.9,10.4,0.0,sunny,12729,435,0.517,1,1,0,0,1,0
2025-11-02,1424,4400160,3090,888,0.623,0.076,0.924,18.9,8.0,0.0,cloudy,13471,270,0.574,1,1,0,0,1,0
2025-11-03,885,2215155,2503,559,0.631,0.055,0.945,17.2,8.0,0.0,sunny,9900,203,0.461,1,0,0,1,0,0
2025-11-04,412,1001572,2431,249,0.603,0.05,0.95,16.1,7.4,18.8,rain,5537,298,0.413,1,0,0,0,0,0
2025-11-05,776,1946208,2508,551,0.71,0.05,0.95,19.2,7.1,0.0,cloudy,8645,241,0.665,5,0,0,0,0,0
2025-11-06,611,1484730,2430,389,0.637,0.048,0.952,18.3,8.8,0.0,cloudy,10021,306,0.497,1,0,0,0,0,0
2025-11-07,796,1943036,2441,472,0.593,0.041,0.959,21.2,8.0,0.0,sunny,9551,417,0.512,1,0,0,0,0,0
2025-11-08,904,2222936,2459,612,0.676,0.053,0.947,18.0,8.4,0.0,cloudy,11690,356,0.538,1,0,0,0,1,0
2025-11-09,1120,2901920,2591,698,0.623,0.047,0.953,17.8,7.2,0.0,cloudy,11719,288,0.489,1,0,0,0,1,0
2025-11-10,868,2195172,2529,553,0.637,0.041,0.959,16.8,7.8,0.0,sunny,7283,115,0.551,10,0,0,0,0,0
2025-11-11,667,1604135,2405,397,0.595,0.06,0.94,18.1,6.2,0.0,sunny,6989,254,0.528,1,0,0,0,0,0
2025-11-12,677,1705363,2519,450,0.665,0.051,0.949,17.6,10.0,0.0,cloudy,8908,267,0.501,1,0,0,0,0,0
2025-11-13,632,1598960,2530,426,0.675,0.048,0.952,18.4,4.2,0.0,cloudy,8863,327,0.677,1,0,0,0,0,0
2025-11-14,603,1465290,2430,392,0.65,0.063,0.937,15.6,8.2,25.4,rain,6829,521,0.669,1,0,0,0,0,0
2025-11-15,1307,3504067,2681,927,0.71,0.032,0.968,15.5,8.2,0.0,cloudy,13167,289,0.519,5,0,0,0,1,0
2025-11-16,801,2596041,3241,526,0.656,0.093,0.907,15.3,4.7,20.3,rain,7645,294,0.412,1,1,0,0,1,0
2025-11-17,672,1858080,2765,428,0.637,0.041,0.959,17.0,9.2,0.0,sunny,10182,210,0.468,1,0,0,0,0,0
2025-11-18,588,1392384,2368,370,0.63,0.052,0.948,17.9,7.2,0.0,cloudy,7763,283,0.515,1,0,0,0,0,0
2025-11-19,741,1768026,2386,471,0.636,0.044,0.956,14.8,7.0,0.0,sunny,7331,263,0.524,1,0,0,0,0,0
2025-11-20,764,1809152,2368,491,0.642,0.041,0.959,14.7,5.4,0.0,cloudy,9593,185,0.45,1,0,1,0,0,0
2025-11-21,527,1387064,2632,315,0.598,0.063,0.937,15.7,4.9,19.1,rain,7012,425,0.431,1,0,0,0,0,0
2025-11-22,1090,2804570,2573,700,0.642,0.069,0.931,14.7,4.7,0.0,cloudy,17120,603,0.51,1,0,0,0,1,0
2025-11-23,1210,3213760,2656,803,0.664,0.048,0.952,16.3,5.5,0.0,cloudy,15741,283,0.522,1,0,0,1,1,0
2025-11-24,729,2004750,2750,447,0.614,0.053,0.947,11.3,6.8,12.9,rain,9970,376,0.355,1,0,0,1,0,1
2025-11-25,832,2141568,2574,550,0.661,0.051,0.949,13.3,4.8,0.0,cloudy,10713,269,0.787,5,0,0,0,0,1
2025-11-26,778,2013464,2588,493,0.634,0.067,0.933,13.2,3.0,0.0,sunny,9558,282,0.497,1,0,0,0,0,1
2025-11-27,553,1418445,2565,332,0.601,0.029,0.971,10.8,5.5,47.8,rain,5673,306,0.477,1,0,0,0,0,0
2025-11-28,908,2202808,2426,527,0.58,0.054,0.946,12.7,5.5,0.0,cloudy,12127,725,0.422,1,0,0,0,0,0
2025-11-29,1709,4723676,2764,1118,0.654,0.043,0.957,12.6,4.9,0.0,sunny,18532,510,0.784,1,0,1,0,1,1
2025-11-30,1285,3229205,2513,779,0.606,0.026,0.974,13.5,4.9,0.0,sunny,13505,270,0.657,1,0,0,0,1,1
2025-12-01,794,2117598,2667,493,0.621,0.046,0.954,15.3,3.3,8.4,rain,7090,278,0.495,1,0,0,0,0,0
2025-12-02,686,1664922,2427,413,0.602,0.068,0.932,13.2,2.1,0.0,cloudy,6659,244,0.652,1,0,0,0,0,0
2025-12-03,686,1673840,2440,452,0.658,0.043,0.957,11.8,2.1,0.0,cloudy,9703,234,0.609,1,0,0,0,0,0
2025-12-04,511,1208004,2364,330,0.646,0.058,0.942,13.2,0.8,59.2,rain,6210,513,0.385,1,0,1,0,0,0
2025-12-05,1070,2627920,2456,709,0.663,0.062,0.938,14.7,3.5,0.0,cloudy,12052,557,0.529,5,0,0,0,0,0
2025-12-06,1432,4099816,2863,837,0.585,0.08,0.92,11.5,2.9,0.0,cloudy,12772,388,0.564,1,1,1,0,1,0
2025-12-07,1458,3745602,2569,889,0.61,0.081,0.919,11.5,2.2,0.0,sunny,12537,327,0.62,1,1,0,0,1,0
2025-12-08,703,1737113,2471,448,0.637,0.033,0.967,13.6,-1.7,0.0,sunny,9429,172,0.582,1,0,0,0,0,0
2025-12-09,487,1186819,2437,305,0.626,0.043,0.957,12.3,0.7,35.0,rain,5612,247,0.346,1,0,0,0,0,0
2025-12-10,609,1630293,2677,410,0.673,0.059,0.941,13.5,4.2,12.9,rain,7332,329,0.386,10,0,0,0,0,0
2025-12-11,788,2011764,2553,494,0.626,0.051,0.949,12.4,1.4,0.0,cloudy,10707,349,0.709,1,0,0,0,0,0
2025-12-12,1041,2510892,2412,669,0.643,0.054,0.946,13.3,2.8,0.0,cloudy,15324,452,0.57,1,0,0,0,0,0
2025-12-13,1459,3742335,2565,903,0.619,0.051,0.949,10.6,0.1,0.0,sunny,15676,430,0.62,1,0,0,0,1,0
2025-12-14,1077,2793738,2594,682,0.634,0.072,0.928,12.0,4.2,0.0,cloudy,16178,473,0.593,1,0,0,0,1,0
2025-12-15,890,2461740,2766,570,0.64,0.046,0.954,11.6,1.7,0.0,sunny,9329,217,0.717,5,0,0,0,0,0
2025-12-16,546,1308762,2397,380,0.697,0.066,0.934,10.0,2.3,10.8,rain,5988,195,0.409,1,0,0,0,0,0
2025-12-17,598,1441180,2410,366,0.611,0.051,0.949,9.4,5.2,7.8,rain,7682,251,0.622,1,0,0,0,0,0
2025-12-18,776,1830584,2359,486,0.626,0.067,0.933,12.6,3.9,0.0,sunny,8578,373,0.607,1,0,0,0,0,0
2025-12-19,1030,2384450,2315,656,0.637,0.038,0.962,11.0,1.1,0.0,sunny,12191,387,0.571,1,0,0,0,0,0
2025-12-20,1200,3198000,2665,729,0.608,0.052,0.948,9.9,0.5,0.0,cloudy,14316,400,0.494,1,0,0,0,1,0
2025-12-21,1614,4769370,2955,1001,0.62,0.076,0.924,11.2,0.8,0.0,cloudy,11494,452,0.581,1,1,0,0,1,0
2025-12-22,914,2431240,2660,567,0.62,0.051,0.949,12.9,2.0,0.0,sunny,12178,291,0.788,1,0,0,0,0,0
2025-12-23,654,1720020,2630,388,0.593,0.062,0.938,7.7,1.0,0.0,cloudy,8326,274,0.525,1,0,0,0,0,0
2025-12-24,754,2111200,2800,477,0.633,0.054,0.946,8.8,0.5,4.0,rain,8094,366,0.764,1,0,0,0,0,1
2025-12-25,882,2262330,2565,547,0.621,0.062,0.938,9.6,3.2,0.0,cloudy,12007,462,0.427,5,0,0,0,0,1
2025-12-26,1265,3120755,2467,851,0.673,0.043,0.957,13.1,0.7,0.0,cloudy,12852,629,0.627,1,0,1,0,0,1
2025-12-27,1362,3725070,2735,877,0.644,0.072,0.928,11.3,4.3,0.0,cloudy,16820,391,0.481,1,1,0,0,1,0
2025-12-28,866,2352056,2716,554,0.639,0.05,0.95,11.9,0.9,7.7,rain,10815,178,0.56,1,0,0,0,1,0
2025-12-29,746,1876190,2515,424,0.568,0.05,0.95,9.0,3.4,3.2,rain,9205,282,0.755,1,0,0,0,0,1
2025-12-30,816,2106096,2581,487,0.596,0.048,0.952,9.0,1.2,0.0,cloudy,10072,315,0.473,1,0,0,0,0,1
